id,origem,tipo,metragem,quartos,banheiros,vagas,preco,condominio,lat,lng,endereco,title,desc,url,imagens,url_google,preco_total,linha,estacao,distance
2481027537,vivareal,Aluguel,57,2,2,1.0,780,600.0,-22.901617,-43.278344,"Rua Vilela Tavares, 294 - Méier, Rio de Janeiro - RJ","Apartamento com 2 Quartos para Alugar, 57 m² por R$ 780/Mês","Lindo apartamento, com luminárias, ar condicionado nos quartos, armários de cozinha; pintura novinha, aquecedor novo, box blindex, entrar e morar. Perto de comércio, condução, escolas, academias. Prédio traquilo com vista livre e indevassável.Quarto de empregada com banheiro, boa cozinha.Play com brinquedos e salão de festas.Vaga coberta e marcada.Henrique",https://www.vivareal.com.br/imovel/apartamento-2-quartos-meier-zona-norte-rio-de-janeiro-com-garagem-57m2-aluguel-RS780-id-2481027537/?__vt=lnv:a,"['https://resizedimgs.vivareal.com/fit-in/870x653/vr.images.sp/b245cae5739ea3345b8524576a57fa96.jpg', 'https://resizedimgs.vivareal.com/fit-in/870x653/vr.images.sp/f3c48e60055e68dca047115cd1c5eb51.jpg', 'https://resizedimgs.vivareal.com/fit-in/870x653/vr.images.sp/e7b3512ac7952d798dd4745807c5c1f6.jpg', 'https://resizedimgs.vivareal.com/fit-in/870x653/vr.images.sp/ce73be2f7bf4e3a68abd318953f857f0.jpg', 'https://resizedimgs.vivareal.com/fit-in/870x653/vr.images.sp/4dcea06dd6630dd281a5b7a1fab631b8.jpg', 'https://resizedimgs.vivareal.com/fit-in/870x653/vr.images.sp/9810a8b829ac3a13c71b98f0085ca482.jpg', 'https://resizedimgs.vivareal.com/fit-in/870x653/vr.images.sp/0da144c8dd7662451ce3555610287a5f.jpg', 'https://resizedimgs.vivareal.com/fit-in/870x653/vr.images.sp/80f85c932e8c5435be2e355b8b10f0a0.jpg', 'https://resizedimgs.vivareal.com/fit-in/870x653/vr.images.sp/c82796298d9c79d23415985edd27b1a8.jpg', 'https://resizedimgs.vivareal.com/fit-in/870x653/vr.images.sp/f140e06153db274150cc9301a14adbd3.jpg', 'https://resizedimgs.vivareal.com/fit-in/870x653/vr.images.sp/fb05de59b66faeef7f3eab528147a711.jpg', 'https://resizedimgs.vivareal.com/fit-in/870x653/vr.images.sp/dfc67fbd73ae34d66406f39b3aec084b.jpg']","https://maps.google.com/maps?ll=-22.901617,-43.278344&z=16&t=m&hl=en-US&gl=US&mapclient=embed&q=22%C2%B054%2705.8%22S%2043%C2%B016%2742.0%22W%20-22.901617%2C%20-43.278344@-22.901617,-43.278344",1380.0,Linha Deodoro da SuperVia,Estação Méier,35.16494060722654
2484799589,vivareal,Aluguel,73,1,1,1.0,3000,900.0,-22.964169,-43.220339,"Rua Lópes Quintas, 200 - Jardim Botânico, Rio de Janeiro - RJ","Apartamento com 1 Quarto para Alugar, 73 m² por R$ 3.000/Mês","Possibilidade VENDA_Sol Manhã,TranquiloBl-2,Var Vista Cristo, Sala&Quarto, Escritório ou Qto Bebê, CopaCozinha, 2 Banheiros (Social & Serv.) com 1vaga. Capricho & Fartura Armários. AMPLO 73m2 (incomum).3 Splits (sala, quarto & escritório).Verão com conforto.Linda Piscina, Academia de ótimo padrão, Sauna Úmida, Sala Massagem,Vestiários, Salão festas e vagas para seus visitantes. Condomínio Seguro. Lopes Quintas 200, rua desejada & valorizada.(Sem intermediários)",https://www.vivareal.com.br/imovel/apartamento-1-quartos-jardim-botanico-zona-sul-rio-de-janeiro-com-garagem-73m2-aluguel-RS3000-id-2484799589/?__vt=lnv:a,"['https://resizedimgs.vivareal.com/fit-in/870x653/vr.images.sp/fb87da18fb9912c4b5a56d2da8c6cf03.jpg', 'https://resizedimgs.vivareal.com/fit-in/870x653/vr.images.sp/59ed73b692f9b24702ddb30d5141d7fe.jpg', 'https://resizedimgs.vivareal.com/fit-in/870x653/vr.images.sp/4dd3f2e0b43d19c6fb351a62b9d4eb99.jpg', 'https://resizedimgs.vivareal.com/fit-in/870x653/vr.images.sp/625d3a5f707ed8ca0ce12653f70c065d.jpg', 'https://resizedimgs.vivareal.com/fit-in/870x653/vr.images.sp/fd7476a67969e36672d12e2e7b1392ce.jpg', 'https://resizedimgs.vivareal.com/fit-in/870x653/vr.images.sp/2576b0e8d13caa07042fbcf84976e045.jpg', 'https://resizedimgs.vivareal.com/fit-in/870x653/vr.images.sp/ddced533a44836ce00a21704a7de966f.jpg', 'https://resizedimgs.vivareal.com/fit-in/870x653/vr.images.sp/99a8e8964b9799669f5077211dd3ac06.jpg', 'https://resizedimgs.vivareal.com/fit-in/870x653/vr.images.sp/0366e119a280990ea5cd0b98dea4f61a.jpg', 'https://resizedimgs.vivareal.com/fit-in/870x653/vr.images.sp/5777be3065ce4ab439c0bacfcc91a1f2.jpg', 'https://resizedimgs.vivareal.com/fit-in/870x653/vr.images.sp/3c872082c87874ce8f66cf43569d9834.jpg', 'https://resizedimgs.vivareal.com/crop/142x80/vr.images.sp/a5f85fbc17630c08924410501bd2971e.jpg', 'https://resizedimgs.vivareal.com/crop/142x80/vr.images.sp/a597beeef5ba5d4dc9db056f10fa9f5d.jpg', 'https://resizedimgs.vivareal.com/crop/142x80/vr.images.sp/56839026446db46469e8920c9d231b2e.jpg', 'https://resizedimgs.vivareal.com/crop/142x80/vr.images.sp/e31fefba8d8fbcf404bb9545b426c995.jpg', 'https://resizedimgs.vivareal.com/crop/142x80/vr.images.sp/144b274de312cc65ffbac3125f440944.jpg', 'https://resizedimgs.vivareal.com/crop/142x80/vr.images.sp/fb0e761238093aeba94d63b76da50141.jpg', 'https://resizedimgs.vivareal.com/crop/142x80/vr.images.sp/573bf67622264de38be054fcc393bad5.jpg', 'https://resizedimgs.vivareal.com/crop/142x80/vr.images.sp/4ff2a2aee2962d74c38f4e83aa07772e.jpg', 'https://resizedimgs.vivareal.com/crop/142x80/vr.images.sp/c13319f612ce425348d2cf849b96f22a.jpg', 'https://resizedimgs.vivareal.com/crop/142x80/vr.images.sp/5bf0bfb3f486967e4c0d9b38629c0837.jpg', 'https://resizedimgs.vivareal.com/crop/142x80/vr.images.sp/f5b08896a6946a765854201eda6cfc03.jpg']","https://maps.google.com/maps?ll=-22.964169,-43.220339&z=16&t=m&hl=en-US&gl=US&mapclient=embed&q=22%C2%B057%2751.0%22S%2043%C2%B013%2713.2%22W%20-22.964169%2C%20-43.220339@-22.964169,-43.220339",3900.0,Linha 4 do Metrô do Rio de Janeiro,Estação Gávea,1955.436047880932
2488585713,vivareal,Aluguel,63,2,2,2.0,3800,,-23.022831,-43.450797,"Avenida Lúcio Costa, 15750 - Recreio Dos Bandeirantes, Rio de Janeiro - RJ","Apartamento com 2 Quartos para Alugar, 63 m² por R$ 3.800/Mês",O apartamento está localizado no bairro Recreio dos Bandeirantes com 63 metros quadrados com 2 quartos sendo 1 suite e 2 banheiros,https://www.vivareal.com.br/imovel/apartamento-2-quartos-recreio-dos-bandeirantes-zona-oeste-rio-de-janeiro-com-garagem-63m2-aluguel-RS3800-id-2488585713/?__vt=lnv:a,"['https://resizedimgs.vivareal.com/fit-in/870x653/vr.images.sp/e3eee8590610f2ef824ede0f2fbad93e.jpg', 'https://resizedimgs.vivareal.com/fit-in/870x653/vr.images.sp/cab75d6feba2eb1c699d7969384eeb22.jpg', 'https://resizedimgs.vivareal.com/fit-in/870x653/vr.images.sp/1fd35cd121d7c15ab277034718aa48f5.jpg', 'https://resizedimgs.vivareal.com/fit-in/870x653/vr.images.sp/ccc02736f654a9a93ab58eefc86f20ae.jpg', 'https://resizedimgs.vivareal.com/fit-in/870x653/vr.images.sp/57e0c63e77c60ca2e2cb76086972d06f.jpg', 'https://resizedimgs.vivareal.com/fit-in/870x653/vr.images.sp/73ef4cbd07b808ac60a1d72c805addc8.jpg', 'https://resizedimgs.vivareal.com/fit-in/870x653/vr.images.sp/883c70379ea4960270d29ed8187f8c24.jpg', 'https://resizedimgs.vivareal.com/fit-in/870x653/vr.images.sp/2f3a19d0f40063ce31dd589bc400e3cc.jpg', 'https://resizedimgs.vivareal.com/fit-in/870x653/vr.images.sp/67345994fbb3d343ef4bb01def1bc116.jpg', 'https://resizedimgs.vivareal.com/fit-in/870x653/vr.images.sp/731ad82e3cfd745a08ccc66fe12b9aec.jpg', 'https://resizedimgs.vivareal.com/fit-in/870x653/vr.images.sp/7ac037c9b43a4e03ad5fb7968351bc38.jpg', 'https://resizedimgs.vivareal.com/crop/142x80/vr.images.sp/108ca2b9868f7f6c28f87c25ad9c1527.jpg', 'https://resizedimgs.vivareal.com/crop/142x80/vr.images.sp/5bca7ccd4db0dd96cf17e85e4e59c771.jpg', 'https://resizedimgs.vivareal.com/crop/142x80/vr.images.sp/3eeea794bf25cdd21d6bb71ebaca340d.jpg', 'https://resizedimgs.vivareal.com/crop/142x80/vr.images.sp/94868b7702ebcf3e613df85d5e9b8fd5.jpg', 'https://resizedimgs.vivareal.com/crop/142x80/vr.images.sp/3806f5d79c958337f141339ca6dfbaed.jpg']","https://maps.google.com/maps?ll=-23.022831,-43.450797&z=16&t=m&hl=en-US&gl=US&mapclient=embed&q=23%C2%B001%2722.2%22S%2043%C2%B027%2702.9%22W%20-23.022831%2C%20-43.450797@-23.022831,-43.450797",,Linha 4 do Metrô do Rio de Janeiro,Estação Jardim Oceânico,14491.167497105593
2488786521,vivareal,Aluguel,98,3,1,0.0,3000,600.0,-22.958753,-43.207762,"Rua Maria Angélica, 451 - Jardim Botânico, Rio de Janeiro - RJ","Apartamento com 3 Quartos para Alugar, 98 m² por R$ 3.000/Mês","Apartamento na Rua Maria Angélica, esquina com Rua Araucária.-03 quartos, 01 banheiro, sala, cozinha dependências empregada, área de serviço.-Mobiliado com geladeira, fogão, máquina de lavar e 01 cama casal.-Arejado com sol da manhã e da tarde, em rua bucólica, arborizada, paz e silêncio, no ""suvaco do Cristo"".-Prédio antigo, charmoso, 03 andares, sem elevador.-5 mins a pé da Lagoa, próximo a comércio local (mercados, restaurantes e bancos).Chama no WhatsApp",https://www.vivareal.com.br/imovel/apartamento-3-quartos-jardim-botanico-zona-sul-rio-de-janeiro-98m2-aluguel-RS3000-id-2488786521/?__vt=lnv:a,"['https://resizedimgs.vivareal.com/fit-in/870x653/vr.images.sp/b8944797b50032831e7d48fc1c75aee0.jpg', 'https://resizedimgs.vivareal.com/fit-in/870x653/vr.images.sp/fddfaf4d7357110bed44badebb20cb1f.jpg', 'https://resizedimgs.vivareal.com/fit-in/870x653/vr.images.sp/662576e28a05586c78330a684edc1a10.jpg', 'https://resizedimgs.vivareal.com/fit-in/870x653/vr.images.sp/4f1ee905acc71da21f73c3ad1d2edb82.jpg', 'https://resizedimgs.vivareal.com/fit-in/870x653/vr.images.sp/6b787c2dfe2a54712c3600668fa2eac1.jpg', 'https://resizedimgs.vivareal.com/fit-in/870x653/vr.images.sp/6b7a2fe4b1a94618ae77e08dbcc4f43c.jpg', 'https://resizedimgs.vivareal.com/fit-in/870x653/vr.images.sp/53bc164119927a6ba92f45a84f3116a9.jpg', 'https://resizedimgs.vivareal.com/fit-in/870x653/vr.images.sp/df521ab97d3ea2fdd1a6ef55b48fc350.jpg', 'https://resizedimgs.vivareal.com/fit-in/870x653/vr.images.sp/3fd6c584bb8ecf965a438ca4649628c5.jpg', 'https://resizedimgs.vivareal.com/fit-in/870x653/vr.images.sp/83c1a0be26fa964087aa23137071888c.jpg', 'https://resizedimgs.vivareal.com/fit-in/870x653/vr.images.sp/416b16172b6ba9c08c9035171fe8cce6.jpg', 'https://resizedimgs.vivareal.com/crop/142x80/vr.images.sp/08ba9e7fe761364a10ffc21d2903b34e.jpg', 'https://resizedimgs.vivareal.com/crop/142x80/vr.images.sp/6171130c5afeb576abf6a5704ca865c0.jpg', 'https://resizedimgs.vivareal.com/crop/142x80/vr.images.sp/d3c835c73991db952b7e99f9d72351cc.jpg', 'https://resizedimgs.vivareal.com/crop/142x80/vr.images.sp/4d765529b6f0c514f09089fb6c8a0946.jpg', 'https://resizedimgs.vivareal.com/crop/142x80/vr.images.sp/1d49319154646646070cdbe03772d6b2.jpg', 'https://resizedimgs.vivareal.com/crop/142x80/vr.images.sp/ae63ecd94fd8d996a5a82bb910592983.jpg', 'https://resizedimgs.vivareal.com/crop/142x80/vr.images.sp/9b1966ca0183d39a22abcb8bdc5bfc82.jpg', 'https://resizedimgs.vivareal.com/crop/142x80/vr.images.sp/8b41f6ea43bcda6f584e779b506ae81c.jpg', 'https://resizedimgs.vivareal.com/crop/142x80/vr.images.sp/c6159ced7bd69455e194dd20fa338b2e.jpg', 'https://resizedimgs.vivareal.com/crop/142x80/vr.images.sp/e1448e46c27126b9bb798f4ac7ecf66a.jpg', 'https://resizedimgs.vivareal.com/crop/142x80/vr.images.sp/3b78bda85df621c9f3b52b86a072aa2d.jpg', 'https://resizedimgs.vivareal.com/crop/142x80/vr.images.sp/c39dbbca2a88e72bbf2a0731fe38de0a.jpg', 'https://resizedimgs.vivareal.com/crop/142x80/vr.images.sp/a318b8f4c89a8d0a5b1523fc48c54652.jpg', 'https://resizedimgs.vivareal.com/crop/142x80/vr.images.sp/67a3edec248be92d3b43ebe9b2190ebd.jpg', 'https://resizedimgs.vivareal.com/crop/142x80/vr.images.sp/48e87ce9db3786ab1f20b95eea1a38aa.jpg', 'https://resizedimgs.vivareal.com/crop/142x80/vr.images.sp/33f75b29a99a39136a76293272b087e9.jpg', 'https://resizedimgs.vivareal.com/crop/142x80/vr.images.sp/4f5fc6f75a19b362af27fef48abe01a1.jpg']","https://maps.google.com/maps?ll=-22.958753,-43.207762&z=16&t=m&hl=en-US&gl=US&mapclient=embed&q=22%C2%B057%2731.5%22S%2043%C2%B012%2727.9%22W%20-22.958753%2C%20-43.207762@-22.958753,-43.207762",3600.0,Linha 1 do Metrô do Rio de Janeiro,Estação Siqueira Campos,2345.78682471305
2490860742,vivareal,Aluguel,60,2,1,0.0,2100,550.0,-22.934249,-43.175694,"Rua Senador Vergueiro, 35 - Flamengo, Rio de Janeiro - RJ","Apartamento com 2 Quartos para Alugar, 60 m² por R$ 2.100/Mês","Ótimo apartamento. Muito claro, indevassável, de frente. Sala, 2 bons quartos ( um com armários), banheiro, cozinha, área, excelente quarto de empregada e WC. Condomínio muito bom, predio ao lado do Supermercado Zona Sul.",https://www.vivareal.com.br/imovel/apartamento-2-quartos-flamengo-zona-sul-rio-de-janeiro-60m2-aluguel-RS2100-id-2490860742/?__vt=lnv:a,"['https://resizedimgs.vivareal.com/fit-in/870x653/vr.images.sp/12585f09c711d7afbbe3a190db946257.jpg', 'https://resizedimgs.vivareal.com/fit-in/870x653/vr.images.sp/44cd7bfd0a02cca11f5bfaf73b2fede2.jpg', 'https://resizedimgs.vivareal.com/fit-in/870x653/vr.images.sp/3c278cd617ce12762fc594847750a1ab.jpg', 'https://resizedimgs.vivareal.com/fit-in/870x653/vr.images.sp/9c2a0beba35eeac71bde8a0c3687ef50.jpg', 'https://resizedimgs.vivareal.com/fit-in/870x653/vr.images.sp/00f203cafd0656943729366d5d08b7d5.jpg', 'https://resizedimgs.vivareal.com/fit-in/870x653/vr.images.sp/eedd8e10cd076ee76309046e65121609.jpg', 'https://resizedimgs.vivareal.com/fit-in/870x653/vr.images.sp/59b22891fd753a5b3efd189c40bc841d.jpg', 'https://resizedimgs.vivareal.com/fit-in/870x653/vr.images.sp/ac5707b6070fcfac980a559e675e9069.jpg', 'https://resizedimgs.vivareal.com/fit-in/870x653/vr.images.sp/f874b9e29118d03aaed6ba1af714dbc2.jpg', 'https://resizedimgs.vivareal.com/fit-in/870x653/vr.images.sp/963f05b352cd297331d1132a745fb044.jpg', 'https://resizedimgs.vivareal.com/fit-in/870x653/vr.images.sp/f8fb496bef486ad88b49406c59b10d9f.jpg']","https://maps.google.com/maps?ll=-22.934249,-43.175694&z=16&t=m&hl=en-US&gl=US&mapclient=embed&q=22%C2%B056%2703.3%22S%2043%C2%B010%2732.5%22W%20-22.934249%2C%20-43.175694@-22.934249,-43.175694",2650.0,Linha 1 do Metrô do Rio de Janeiro,Estação Flamengo,426.226235982707
2491914803,vivareal,Aluguel,200,3,1,2.0,1650,1450.0,-23.023667,-43.476174,"Avenida Gilka Machado, 901 - Recreio Dos Bandeirantes, Rio de Janeiro - RJ","Apartamento com 3 Quartos para Alugar, 200 m² por R$ 1.650/Mês","Linda casa no condomínio Chácara do Recreio!Com metragem total de 200m2 reformada e com pisos novos, possui tem 3 suítes, 2 varandas, 2 vagas de garagem cobertas, lavabo, dependência de empregada, espaço para plantas e jardinagem dos moradores.Varanda com pia e espaço para churrasqueira na cobertura!Condomínio com 2.000m2 de área de lazer incluindo piscina com bar, sauna, churrasqueira, quadra com grama sintética, academia, área de corrida interna (em volta do condomínio) sala de jogos inf",https://www.vivareal.com.br/imovel/apartamento-3-quartos-recreio-dos-bandeirantes-zona-oeste-rio-de-janeiro-com-garagem-200m2-aluguel-RS1650-id-2491914803/?__vt=lnv:a,"['https://resizedimgs.vivareal.com/fit-in/870x653/vr.images.sp/7b0e34ef255673effa8cc6e02f371617.jpg', 'https://resizedimgs.vivareal.com/fit-in/870x653/vr.images.sp/10a915a937376def4feb05ee9a396011.jpg', 'https://resizedimgs.vivareal.com/fit-in/870x653/vr.images.sp/6dab003dff20b15ef14d0f473603b523.jpg', 'https://resizedimgs.vivareal.com/fit-in/870x653/vr.images.sp/69c08667a036447125b9e10dad770f4e.jpg', 'https://resizedimgs.vivareal.com/fit-in/870x653/vr.images.sp/ecab472f40028cc5dac3df93601dcfb4.jpg', 'https://resizedimgs.vivareal.com/fit-in/870x653/vr.images.sp/8f5a72caf8e88afb8af0bf2b13bfd071.jpg', 'https://resizedimgs.vivareal.com/fit-in/870x653/vr.images.sp/a3fdf27c73868c9190422afc6257fe3d.jpg', 'https://resizedimgs.vivareal.com/fit-in/870x653/vr.images.sp/d4d7d3672c6b8bd801df0aa732664f81.jpg', 'https://resizedimgs.vivareal.com/fit-in/870x653/vr.images.sp/21a66ff9f9b0b67610a13d67dacbba6c.jpg', 'https://resizedimgs.vivareal.com/fit-in/870x653/vr.images.sp/e97f827c90be66a4be756d35f274436f.jpg', 'https://resizedimgs.vivareal.com/fit-in/870x653/vr.images.sp/b614db246b9de8f32c804f6480c80789.jpg', 'https://resizedimgs.vivareal.com/crop/142x80/vr.images.sp/60cf9fe0701e569f69b090ea1dcb4092.jpg', 'https://resizedimgs.vivareal.com/crop/142x80/vr.images.sp/fa065f5081efc8f88ba33262d2ac1d08.jpg', 'https://resizedimgs.vivareal.com/crop/142x80/vr.images.sp/2608ccc792b88708dfb5f74407715315.jpg', 'https://resizedimgs.vivareal.com/crop/142x80/vr.images.sp/8f01991b57a894ff8f381f8a623227ab.jpg', 'https://resizedimgs.vivareal.com/crop/142x80/vr.images.sp/cdf0510f86df40224a2a13cf83f65117.jpg', 'https://resizedimgs.vivareal.com/crop/142x80/vr.images.sp/6487856b3027f95e4650a77c727d2fd8.jpg', 'https://resizedimgs.vivareal.com/crop/142x80/vr.images.sp/cdeb82826d98e71cd077c342f89b1b48.jpg']","https://maps.google.com/maps?ll=-23.023667,-43.476174&z=16&t=m&hl=en-US&gl=US&mapclient=embed&q=23%C2%B001%2725.2%22S%2043%C2%B028%2734.2%22W%20-23.023667%2C%20-43.476174@-23.023667,-43.476174",3100.0,Linha Santa Cruz da SuperVia,Estação João Ellis,15573.55302051912
2492306758,vivareal,Aluguel,130,3,4,2.0,4200,2010.0,-22.9471,-43.184516,"Rua Vicente de Sousa, 05 - Botafogo, Rio de Janeiro - RJ","Apartamento com 3 Quartos para Alugar, 130 m² por R$ 4.200/Mês","BOTAFOGO - R$ 4200,00 + TAXAS , RUA VICENTE DE SOUSA, 05/401, 2p/andar, IMPECÁVEL, 130M2, VARANDÃO, SALA, 3QTºS, SUÍTE, LAVABO, ARMÁRIO EM TODOS OS QUARTOS, COZINHA PLANEJADA, DEP COMPLETAS, 2 VAGAS. TEL: / - CRECI 6754.",https://www.vivareal.com.br/imovel/apartamento-3-quartos-botafogo-zona-sul-rio-de-janeiro-com-garagem-130m2-aluguel-RS4200-id-2492306758/?__vt=lnv:a,"['https://resizedimgs.vivareal.com/fit-in/870x653/vr.images.sp/b6e57fe911dc40cd4825c941401d02dd.jpg', 'https://resizedimgs.vivareal.com/fit-in/870x653/vr.images.sp/09509f2202064e2c29e395dd3c00e462.jpg', 'https://resizedimgs.vivareal.com/fit-in/870x653/vr.images.sp/c07fcbf1f5bc990c358845988260cc4b.jpg', 'https://resizedimgs.vivareal.com/fit-in/870x653/vr.images.sp/cbcec00df570037a2188518d2b46d048.jpg', 'https://resizedimgs.vivareal.com/fit-in/870x653/vr.images.sp/f78402c1e07c00470769b75aeb24951b.jpg', 'https://resizedimgs.vivareal.com/fit-in/870x653/vr.images.sp/3596b7d43629dbccb242d2df17fc2bdc.jpg', 'https://resizedimgs.vivareal.com/fit-in/870x653/vr.images.sp/01cde07942a34b84fd6ff224b104e5f0.jpg', 'https://resizedimgs.vivareal.com/fit-in/870x653/vr.images.sp/0d5efe7a96c8fc7bd86ecfad72885b2d.jpg', 'https://resizedimgs.vivareal.com/fit-in/870x653/vr.images.sp/5440cd6c4b43e3339846810126fe322a.jpg', 'https://resizedimgs.vivareal.com/fit-in/870x653/vr.images.sp/a9c26ac79c244b0082e1e1db0bd7601c.jpg', 'https://resizedimgs.vivareal.com/fit-in/870x653/vr.images.sp/942710a37bca49abe339ec5be2d07652.jpg', 'https://resizedimgs.vivareal.com/crop/142x80/vr.images.sp/7dd315abb966738608f4bb9e0a52155d.jpg', 'https://resizedimgs.vivareal.com/crop/142x80/vr.images.sp/ab50a58b7fef51814f5076d5914a2938.jpg', 'https://resizedimgs.vivareal.com/crop/142x80/vr.images.sp/487b2f35631a4bff804dec7f6b8d5f47.jpg', 'https://resizedimgs.vivareal.com/crop/142x80/vr.images.sp/c4de46b928baa3ca00c94e0e12dffba1.jpg', 'https://resizedimgs.vivareal.com/crop/142x80/vr.images.sp/622bfab652c1fb8ebb6a5586471be87d.jpg', 'https://resizedimgs.vivareal.com/crop/142x80/vr.images.sp/d6f71de98d6b9c0e30660d94c761ebf5.jpg', 'https://resizedimgs.vivareal.com/crop/142x80/vr.images.sp/49809dd2f0edc6295eacbd960b8f5cfb.jpg', 'https://resizedimgs.vivareal.com/crop/142x80/vr.images.sp/a312fbd411e0503fa0448a6cfbf733e2.jpg', 'https://resizedimgs.vivareal.com/crop/142x80/vr.images.sp/2b552a782f19d1398431dd5564d58660.jpg']","https://maps.google.com/maps?ll=-22.9471,-43.184516&z=16&t=m&hl=en-US&gl=US&mapclient=embed&q=22%C2%B056%2749.6%22S%2043%C2%B011%2704.3%22W%20-22.947100%2C%20-43.184516@-22.9471,-43.184516",6210.0,Linha 1 do Metrô do Rio de Janeiro,Estação Botafogo,353.757688539094
2493499757,vivareal,Aluguel,36,1,1,0.0,1400,494.0,-22.962579,-43.174354,"Avenida Princesa Isabel, 254 - Copacabana, Rio de Janeiro - RJ","Apartamento com 1 Quarto para Alugar, 36 m² por R$ 1.400/Mês","CONJUGADO EM EXCELENTE ESTADO, LOCALIZADO PRÓXIMAS FARMÁCIAS , MERCADOS E CONDUÇÕES EM GERAL.FORMAS DE FIANÇA: FIADOR; SEGURO FIANÇA; TÍTULO DE CAPITALIZAÇÃO E POSSIBILIDADE DE 3 MESES DE DEPÓSITO.TRATAR COM:DRA IEDA ( wapp)INÊS ( wapp)",https://www.vivareal.com.br/imovel/apartamento-1-quartos-copacabana-zona-sul-rio-de-janeiro-36m2-aluguel-RS1400-id-2493499757/?__vt=lnv:a,"['https://resizedimgs.vivareal.com/fit-in/870x653/vr.images.sp/15e429b6f1b9b54f35e5a1f84c74c73e.jpg', 'https://resizedimgs.vivareal.com/fit-in/870x653/vr.images.sp/b747b85ef743bd447d8b0a82a073bd64.jpg', 'https://resizedimgs.vivareal.com/fit-in/870x653/vr.images.sp/06ecd44bb9746f2704426e7962d1b7ad.jpg', 'https://resizedimgs.vivareal.com/fit-in/870x653/vr.images.sp/653f343cd6b94a0938ec58192580e6a0.jpg', 'https://resizedimgs.vivareal.com/fit-in/870x653/vr.images.sp/fa2af58a1c7d86ec06a55fe7cd2aaee1.jpg', 'https://resizedimgs.vivareal.com/fit-in/870x653/vr.images.sp/fded51e3b9a00a7559aca38816bcceec.jpg', 'https://resizedimgs.vivareal.com/fit-in/870x653/vr.images.sp/5494e01dbd9dcb3a8604e7c0fb06b8f1.jpg', 'https://resizedimgs.vivareal.com/fit-in/870x653/vr.images.sp/3bffad2b4693d27807765824fff8d820.jpg', 'https://resizedimgs.vivareal.com/fit-in/870x653/vr.images.sp/111727d7afc36202c5343406f4c2166f.jpg', 'https://resizedimgs.vivareal.com/crop/142x80/vr.images.sp/368099354a44001027534d2fcb7ef4dd.jpg', 'https://resizedimgs.vivareal.com/fit-in/870x653/vr.images.sp/b7d7f9f814ff74ebab014c743bb2a1c6.jpg', 'https://resizedimgs.vivareal.com/crop/142x80/vr.images.sp/922538d3afa9a9840104d2227c126439.jpg']","https://maps.google.com/maps?ll=-22.962579,-43.174354&z=16&t=m&hl=en-US&gl=US&mapclient=embed&q=22%C2%B057%2745.3%22S%2043%C2%B010%2727.7%22W%20-22.962579%2C%20-43.174354@-22.962579,-43.174354",1894.0,Linha 1 do Metrô do Rio de Janeiro,Estação Cardeal Arcoverde,678.849989943948
2493961070,vivareal,Aluguel,50,1,1,0.0,1600,700.0,-22.973563,-43.188483,"Avenida Nossa Senhora de Copacabana, 826 - Copacabana, Rio de Janeiro - RJ","Apartamento com 1 Quarto para Alugar, 50 m² por R$ 1.600/Mês","QUARTO E SALA MOBILIADO, AR CONDICIONADO E MÁQUINA DE LAVAR E SECAR, COZINHA AMERICANA EQUIPADA, BANHEIRO COM BOX BLINDEX.TRATAR COM DRA IEDA WAPPINES WAPP",https://www.vivareal.com.br/imovel/apartamento-1-quartos-copacabana-zona-sul-rio-de-janeiro-50m2-aluguel-RS1600-id-2493961070/?__vt=lnv:a,"['https://resizedimgs.vivareal.com/fit-in/870x653/vr.images.sp/5b545e0413c69e86af84e73e91778dde.jpg', 'https://resizedimgs.vivareal.com/fit-in/870x653/vr.images.sp/e41d6175dfdc275cbb6301d58f533413.jpg', 'https://resizedimgs.vivareal.com/fit-in/870x653/vr.images.sp/8bc9493e3f2cf8d04edebbf39372ff78.jpg', 'https://resizedimgs.vivareal.com/fit-in/870x653/vr.images.sp/eb085ca8bc15041cffa06f5c9d66ef42.jpg', 'https://resizedimgs.vivareal.com/fit-in/870x653/vr.images.sp/354a5a0c207abab9ca4aa26b3ba12306.jpg', 'https://resizedimgs.vivareal.com/fit-in/870x653/vr.images.sp/bc35fa1f8849453b3f06ac7de9fe50e2.jpg', 'https://resizedimgs.vivareal.com/fit-in/870x653/vr.images.sp/2a5f31dee8869ec68f684d4c9843225f.jpg', 'https://resizedimgs.vivareal.com/fit-in/870x653/vr.images.sp/cd42e45d58be9e4bf364b0ffaf27e76a.jpg', 'https://resizedimgs.vivareal.com/fit-in/870x653/vr.images.sp/d8d5cd88688ecf8e78dbab37933e0726.jpg', 'https://resizedimgs.vivareal.com/fit-in/870x653/vr.images.sp/8a6b87fc9c21304680482a1b6bccb092.jpg', 'https://resizedimgs.vivareal.com/fit-in/870x653/vr.images.sp/770b7dd90bd270232993af73b9b65bb1.jpg', 'https://resizedimgs.vivareal.com/crop/142x80/vr.images.sp/4e25aed8c644fdeac45b12aae54e7887.jpg', 'https://resizedimgs.vivareal.com/crop/142x80/vr.images.sp/f9d6867442ee9a754a4fe4ab9b1bdd5c.jpg', 'https://resizedimgs.vivareal.com/crop/142x80/vr.images.sp/3e8a145fd1318c08953511695d8d3d48.jpg', 'https://resizedimgs.vivareal.com/crop/142x80/vr.images.sp/cc4724260653ae729d34532fa3187a5b.jpg', 'https://resizedimgs.vivareal.com/crop/142x80/vr.images.sp/a5c83701f1a67c8d6de4e5234332e562.jpg', 'https://resizedimgs.vivareal.com/crop/142x80/vr.images.sp/ebce6743cf85cb6127a19c22b870138f.jpg']","https://maps.google.com/maps?ll=-22.973563,-43.188483&z=16&t=m&hl=en-US&gl=US&mapclient=embed&q=22%C2%B058%2724.8%22S%2043%C2%B011%2718.5%22W%20-22.973563%2C%20-43.188483@-22.973563,-43.188483",2300.0,Linha 1 do Metrô do Rio de Janeiro,Estação Cantagalo,636.5819779259193
2495596573,vivareal,Aluguel,75,2,2,1.0,1390,793.0,-22.912824,-43.238468,"Rua Jorge Rudge, 44 - Vila Isabel, Rio de Janeiro - RJ","Apartamento com 2 Quartos para Alugar, 75 m² por R$ 1.390/Mês","Totalmente imperdível! Condomínio com infraestrutura, segurança e localização invejável! Juntinho à UERJ, Hospitais Pedro Ernesto e Badim, Estação do Metrô Maracanã. Esquina com Vinte e Oito de Setembro. Apartamento alto, arejado e muito confortável composto por sala ampla, dois quartos com armários, banheiro social com box em blindex, cozinha planejada, área de serviço, dependências completas e vaga na garagem. Nada fazer. Entrar e morar. Agende sua visita! .",https://www.vivareal.com.br/imovel/apartamento-2-quartos-vila-isabel-zona-norte-rio-de-janeiro-com-garagem-75m2-aluguel-RS1390-id-2495596573/?__vt=lnv:a,"['https://resizedimgs.vivareal.com/fit-in/870x653/vr.images.sp/a76a83310e92da160c63906dd086efda.jpg', 'https://resizedimgs.vivareal.com/fit-in/870x653/vr.images.sp/630dedb7dc1781f6f2ff9e35795fad65.jpg', 'https://resizedimgs.vivareal.com/fit-in/870x653/vr.images.sp/64d22d7fc0601f2378339c12cbfdf648.jpg', 'https://resizedimgs.vivareal.com/fit-in/870x653/vr.images.sp/12c8405c9a436897151e84524562fa51.jpg', 'https://resizedimgs.vivareal.com/fit-in/870x653/vr.images.sp/373f87ff1fd64414a81da4b63dda75a5.jpg', 'https://resizedimgs.vivareal.com/fit-in/870x653/vr.images.sp/ccbcb608f13b68d8b6b5a56c68bf46f1.jpg', 'https://resizedimgs.vivareal.com/fit-in/870x653/vr.images.sp/048acef89bc3a780ee33079e60fb764c.jpg', 'https://resizedimgs.vivareal.com/fit-in/870x653/vr.images.sp/0c23fdfaec5cef0293cb33877433dea8.jpg', 'https://resizedimgs.vivareal.com/fit-in/870x653/vr.images.sp/dc64638157ab783185fc9c10624147e6.jpg', 'https://resizedimgs.vivareal.com/fit-in/870x653/vr.images.sp/dd32430213a4fb46f8723a6e7b064a91.jpg', 'https://resizedimgs.vivareal.com/fit-in/870x653/vr.images.sp/e93c3d2a4cdc6d366d791bc4230361da.jpg', 'https://resizedimgs.vivareal.com/crop/142x80/vr.images.sp/460bcd16441a57296e5880b06db59808.jpg', 'https://resizedimgs.vivareal.com/crop/142x80/vr.images.sp/8c5c12431573c707e7d79d8ac9399ab7.jpg', 'https://resizedimgs.vivareal.com/crop/142x80/vr.images.sp/26ae1c702dfb7349063c908f9ce96957.jpg', 'https://resizedimgs.vivareal.com/crop/142x80/vr.images.sp/865eb3e9cb9472f0e0b3605696a04af9.jpg', 'https://resizedimgs.vivareal.com/crop/142x80/vr.images.sp/e42fb87532cf35ff8f317f049dd34e94.jpg', 'https://resizedimgs.vivareal.com/crop/142x80/vr.images.sp/3a216476c2f59c24fdd921f4d591ed59.jpg', 'https://resizedimgs.vivareal.com/crop/142x80/vr.images.sp/bd4e16a881e79367fd20a7d2b6a68722.jpg', 'https://resizedimgs.vivareal.com/crop/142x80/vr.images.sp/8b208295435b92cea5c9d6f7f23700c5.jpg', 'https://resizedimgs.vivareal.com/crop/142x80/vr.images.sp/288c3af1e2407c08ddf6e48221c5a69e.jpg', 'https://resizedimgs.vivareal.com/crop/142x80/vr.images.sp/59e284da98d09ce2df860f79d0fad54f.jpg', 'https://resizedimgs.vivareal.com/crop/142x80/vr.images.sp/6c43acc8dc5fdb4ae1142b3c41cc5425.jpg']","https://maps.google.com/maps?ll=-22.912824,-43.238468&z=16&t=m&hl=en-US&gl=US&mapclient=embed&q=22%C2%B054%2746.2%22S%2043%C2%B014%2718.5%22W%20-22.912824%2C%20-43.238468@-22.912824,-43.238468",2183.0,Linha Deodoro da SuperVia,Estação Mangueira (SuperVia),508.12533865066337
2495701399,vivareal,Aluguel,86,3,2,1.0,2500,1245.0,-22.917419,-43.220581,"Rua Professor Gabizo, 192 - Tijuca, Rio de Janeiro - RJ","Apartamento com 3 Quartos para Alugar, 86 m² por R$ 2.500/Mês","Excelente apto.,arejado e silencioso.Sala estar/jantar, três quartos, 2 banheiros e dependências completas.Duas quadras do metro da Afonso pena.Portaria 24hs.",https://www.vivareal.com.br/imovel/apartamento-3-quartos-tijuca-zona-norte-rio-de-janeiro-com-garagem-86m2-aluguel-RS2500-id-2495701399/?__vt=lnv:a,"['https://resizedimgs.vivareal.com/fit-in/870x653/vr.images.sp/77ad04fcf5b4f99c604c723a14712bf0.jpg', 'https://resizedimgs.vivareal.com/fit-in/870x653/vr.images.sp/ccfb891f93e5032b7e5f96544eb6da83.jpg', 'https://resizedimgs.vivareal.com/fit-in/870x653/vr.images.sp/9a4edb49eb909639995cdbf441e4a64f.jpg', 'https://resizedimgs.vivareal.com/fit-in/870x653/vr.images.sp/0f50608122b48557762484e7f3df4cd0.jpg', 'https://resizedimgs.vivareal.com/fit-in/870x653/vr.images.sp/024729bcedfbdac1a9fa9e01eab9830b.jpg', 'https://resizedimgs.vivareal.com/fit-in/870x653/vr.images.sp/6b7bb406afbaf51c7db088cfa458e277.jpg', 'https://resizedimgs.vivareal.com/fit-in/870x653/vr.images.sp/84042eadffb919023630b555af4e559e.jpg', 'https://resizedimgs.vivareal.com/fit-in/870x653/vr.images.sp/7e64693b68d0ef871320bada582bfb9a.jpg', 'https://resizedimgs.vivareal.com/fit-in/870x653/vr.images.sp/842a6819d66f3050ad0179b506de60eb.jpg', 'https://resizedimgs.vivareal.com/fit-in/870x653/vr.images.sp/dfa9d11f4144aedcd80ede4c79893527.jpg', 'https://resizedimgs.vivareal.com/fit-in/870x653/vr.images.sp/0e8098331d53e981962de5bf6afc0aca.jpg', 'https://resizedimgs.vivareal.com/crop/142x80/vr.images.sp/53f8c7605de79d1321d6101e303e5143.jpg', 'https://resizedimgs.vivareal.com/fit-in/870x653/vr.images.sp/bcba09e514f918789ffb02335c3bbe43.jpg', 'https://resizedimgs.vivareal.com/crop/142x80/vr.images.sp/a31c9554b5d5a17cce5e91a0e046ff63.jpg', 'https://resizedimgs.vivareal.com/crop/142x80/vr.images.sp/3137414db86c0be52e0e9134e74c97ce.jpg', 'https://resizedimgs.vivareal.com/crop/142x80/vr.images.sp/feda5c0e2aba5a40d4ccf8c8594a0125.jpg', 'https://resizedimgs.vivareal.com/crop/142x80/vr.images.sp/54be408102cb9c3a1ebd7a2b69d5f6d9.jpg', 'https://resizedimgs.vivareal.com/crop/142x80/vr.images.sp/bc266cb290869f62af0b53519c63eadf.jpg', 'https://resizedimgs.vivareal.com/crop/142x80/vr.images.sp/f76c6a240c3ea875998520fc9ad14337.jpg']","https://maps.google.com/maps?ll=-22.917419,-43.220581&z=16&t=m&hl=en-US&gl=US&mapclient=embed&q=22%C2%B055%2702.7%22S%2043%C2%B013%2714.1%22W%20-22.917419%2C%20-43.220581@-22.917419,-43.220581",3745.0,Linha 1 do Metrô do Rio de Janeiro,Estação Afonso Pena,304.839236874148
2495815684,vivareal,Aluguel,36,1,1,0.0,2200,451.0,-22.943935,-43.182397,"Rua Marquês de Olinda, 10 - Botafogo, Rio de Janeiro - RJ","Apartamento com 1 Quarto para Alugar, 36 m² por R$ 2.200/Mês","Apartamento mobiliado, arejado, piso frio, super aconchegante com armário na cozinha, no quarto e no banheiro. Vista para praia de Botafogo, Pão de Açúcar e Cristo Redentor. Próximo a um rico comércio com supermercados, farmácias, academias, bancos, laboratórios, restaurantes e faculdades. Fica a 5 minutos do Botafogo Praia Shopping e 10 minutos do Metrô.",https://www.vivareal.com.br/imovel/apartamento-1-quartos-botafogo-zona-sul-rio-de-janeiro-36m2-aluguel-RS2200-id-2495815684/?__vt=lnv:a,"['https://resizedimgs.vivareal.com/fit-in/870x653/vr.images.sp/1df539de0d9db9384b725c6b39c11712.jpg', 'https://resizedimgs.vivareal.com/fit-in/870x653/vr.images.sp/0c223f173244735ff4b4958b1a61f6b4.jpg', 'https://resizedimgs.vivareal.com/fit-in/870x653/vr.images.sp/ac467f12a38cbfb25637c5bbd86f7e9a.jpg', 'https://resizedimgs.vivareal.com/fit-in/870x653/vr.images.sp/dc188ba1a5e11ce44c033e95853d7559.jpg', 'https://resizedimgs.vivareal.com/fit-in/870x653/vr.images.sp/3747c35d8c0a642bac0c8151d335d94a.jpg', 'https://resizedimgs.vivareal.com/fit-in/870x653/vr.images.sp/cb7ab2d5d7fa1f0facb72093f3e6f56e.jpg', 'https://resizedimgs.vivareal.com/fit-in/870x653/vr.images.sp/d0c104f86ea0e79680f13f8b77240f1a.jpg', 'https://resizedimgs.vivareal.com/fit-in/870x653/vr.images.sp/f3b299861a0bfd80526a87f3f759f3a5.jpg', 'https://resizedimgs.vivareal.com/fit-in/870x653/vr.images.sp/a799b9c06501f7b6b345b93d1eb113b3.jpg', 'https://resizedimgs.vivareal.com/fit-in/870x653/vr.images.sp/dd842d7a4b72a294ff38aaa71e0335e3.jpg', 'https://resizedimgs.vivareal.com/fit-in/870x653/vr.images.sp/aa525cb2d9b45d8623d27e66cfa4030f.jpg', 'https://resizedimgs.vivareal.com/crop/142x80/vr.images.sp/b05842fe74cb0539db6d21fbeb736865.jpg', 'https://resizedimgs.vivareal.com/crop/142x80/vr.images.sp/1424c72bd8d8480217f52fa435bcc83f.jpg', 'https://resizedimgs.vivareal.com/crop/142x80/vr.images.sp/74623850f1857b9a92625aece9d75761.jpg', 'https://resizedimgs.vivareal.com/crop/142x80/vr.images.sp/7e75a9a4d9e3fda6371ab3d27ae40b24.jpg', 'https://resizedimgs.vivareal.com/crop/142x80/vr.images.sp/fd868f61c652d32e34458390c85bb5bb.jpg', 'https://resizedimgs.vivareal.com/crop/142x80/vr.images.sp/e665fd4934e7db9c29ace93a652fece6.jpg', 'https://resizedimgs.vivareal.com/crop/142x80/vr.images.sp/df81fa95720c086c83135f2d5fe1960a.jpg', 'https://resizedimgs.vivareal.com/crop/142x80/vr.images.sp/9b6283476007134b5090a0eac1626c65.jpg', 'https://resizedimgs.vivareal.com/crop/142x80/vr.images.sp/2f291e73ce547a3af578506a2b1d98de.jpg']","https://maps.google.com/maps?ll=-22.943935,-43.182397&z=16&t=m&hl=en-US&gl=US&mapclient=embed&q=22%C2%B056%2738.2%22S%2043%C2%B010%2756.6%22W%20-22.943935%2C%20-43.182397@-22.943935,-43.18239699999999",2651.0,Linha 1 do Metrô do Rio de Janeiro,Estação Botafogo,725.5229218877535
2495943573,vivareal,Aluguel,96,2,2,1.0,1500,628.0,-23.016303,-43.467265,"Rua Ivo Borges - Recreio Dos Bandeirantes, Rio de Janeiro - RJ","Apartamento com 2 Quartos para Alugar, 96 m² por R$ 1.500/Mês","(Cod: 48996 ) - Recreio. Gleba B. Localizado próximo ao Américas Shopping e mercados, em rua calma e arborizada. Apartamento pouco usado, amplo, bem iluminado, com sala em dois ambientes, dois dormitórios, sendo uma suíte, banheiros com blindex, quarto e banheiro de empregada, cozinha planejada, área e dependência completa. Uma vaga na escritura. Para visualizar todas as ofertas da JTavares, clique no logotipo da empresa ao lado. (Atualizado em 02.11)",https://www.vivareal.com.br/imovel/apartamento-2-quartos-recreio-dos-bandeirantes-zona-oeste-rio-de-janeiro-com-garagem-96m2-aluguel-RS1500-id-2495943573/?__vt=lnv:a,"['https://resizedimgs.vivareal.com/fit-in/870x653/vr.images.sp/636226abe6dea230fa3c893c022dbf80.jpg', 'https://resizedimgs.vivareal.com/fit-in/870x653/vr.images.sp/d155185f9341ff2aa296ad68f9c3eb4d.jpg', 'https://resizedimgs.vivareal.com/fit-in/870x653/vr.images.sp/f757c04a7dce1442fde2268663b4a7a4.jpg', 'https://resizedimgs.vivareal.com/fit-in/870x653/vr.images.sp/2a26e0577de24740beef407d070d6f37.jpg', 'https://resizedimgs.vivareal.com/fit-in/870x653/vr.images.sp/97772928cc401a31825cc7bef7e0ed03.jpg', 'https://resizedimgs.vivareal.com/fit-in/870x653/vr.images.sp/fbae88505dbebb5dbfd82d3895bcdc13.jpg', 'https://resizedimgs.vivareal.com/fit-in/870x653/vr.images.sp/67b25de75300c35c1c86a344fba618b9.jpg', 'https://resizedimgs.vivareal.com/fit-in/870x653/vr.images.sp/d9e0f03c5c342e7f0e7f7f252558ebc8.jpg', 'https://resizedimgs.vivareal.com/fit-in/870x653/vr.images.sp/dc79a7c74f14a0601c529e67c86975e8.jpg', 'https://resizedimgs.vivareal.com/fit-in/870x653/vr.images.sp/c8dcd2b875106bd9a0f8e2b7a42b6ca5.jpg', 'https://resizedimgs.vivareal.com/fit-in/870x653/vr.images.sp/c82faa65d34d463405f77e000a1d86ba.jpg', 'https://resizedimgs.vivareal.com/crop/142x80/vr.images.sp/334055a641d259888294c8c710cec546.jpg', 'https://resizedimgs.vivareal.com/crop/142x80/vr.images.sp/198f4a58e01c71de18b7c345ec186310.jpg', 'https://resizedimgs.vivareal.com/crop/142x80/vr.images.sp/c3080e12fdf31d1e79e87fd5eb768b81.jpg', 'https://resizedimgs.vivareal.com/crop/142x80/vr.images.sp/8c6723d8fb7fb19bfc07fc618f820c03.jpg']","https://maps.google.com/maps?ll=-23.016303,-43.467265&z=16&t=m&hl=en-US&gl=US&mapclient=embed&q=R.%20Ivo%20Borges%20-%20Recreio%20dos%20Bandeirantes%20Rio%20de%20Janeiro%20-%20RJ%2022790-701",2128.0,Linha Santa Cruz da SuperVia,Estação João Ellis,15336.798813020236
2495992534,vivareal,Aluguel,85,2,2,1.0,5000,3600.0,-22.984951,-43.206302,"Rua Prudente de Morais, 1008 - Ipanema, Rio de Janeiro - RJ","Apartamento com 2 Quartos para Alugar, 85 m² por R$ 5.000/Mês","Lindo apartamento iluminado e arejado mobiliado e equipado, andar alto de frente e vista parcial mar.Prédio com infraestrutura (play, piscina, sauna e sala de ginástica) e serviços (arrumadeira, mensageiro e segurança 24 hs), vista parcial mar.",https://www.vivareal.com.br/imovel/apartamento-2-quartos-ipanema-zona-sul-rio-de-janeiro-com-garagem-85m2-aluguel-RS5000-id-2495992534/?__vt=lnv:a,"['https://resizedimgs.vivareal.com/fit-in/870x653/vr.images.sp/a4302a8c6afec9650e93a2a17f9f08bc.jpg', 'https://resizedimgs.vivareal.com/fit-in/870x653/vr.images.sp/4c290366e13ef8e7aedc5f26a8f4e1c8.jpg', 'https://resizedimgs.vivareal.com/fit-in/870x653/vr.images.sp/c8b2b2e4bd66f153b8c6d2e769c103df.jpg', 'https://resizedimgs.vivareal.com/fit-in/870x653/vr.images.sp/7991fcd4d2b3029d8aadeac66250fc9a.jpg', 'https://resizedimgs.vivareal.com/fit-in/870x653/vr.images.sp/ba4aee7e63c5dd6f47001428779039c7.jpg', 'https://resizedimgs.vivareal.com/fit-in/870x653/vr.images.sp/23585bac60717d92d112dbdbe853ae16.jpg', 'https://resizedimgs.vivareal.com/fit-in/870x653/vr.images.sp/6c240d95ad5452b4f5672f4cbef29829.jpg', 'https://resizedimgs.vivareal.com/fit-in/870x653/vr.images.sp/5907b4176c8af902cb05cc2d47d7b2e4.jpg', 'https://resizedimgs.vivareal.com/fit-in/870x653/vr.images.sp/f81883f4087168faaac4b3c58fa29dcc.jpg', 'https://resizedimgs.vivareal.com/fit-in/870x653/vr.images.sp/bf1c05d494ae4c8c32f3bdabb4fdfd05.jpg', 'https://resizedimgs.vivareal.com/fit-in/870x653/vr.images.sp/43f37f16bdf4c3d60c671154ba19dbb5.jpg', 'https://resizedimgs.vivareal.com/crop/142x80/vr.images.sp/9f34cbc972fda2506e73496f140ba195.jpg', 'https://resizedimgs.vivareal.com/crop/142x80/vr.images.sp/db422dc93bec8f08ac5f11baa3ec9d30.jpg', 'https://resizedimgs.vivareal.com/crop/142x80/vr.images.sp/2e342b555b9ac844b877b3e89f15ee5b.jpg']","https://maps.google.com/maps?ll=-22.984951,-43.206302&z=16&t=m&hl=en-US&gl=US&mapclient=embed&q=22%C2%B059%2705.8%22S%2043%C2%B012%2722.7%22W%20-22.984951%2C%20-43.206302@-22.984951,-43.206302",8600.0,Linha 4 do Metrô do Rio de Janeiro,Estação Nossa Senhora da Paz,149.68336524157675
2496159705,vivareal,Aluguel,110,3,3,1.0,2980,1100.0,-22.983219,-43.191948,"Rua Francisco Sá - Copacabana, Rio de Janeiro - RJ","Apartamento com 3 Quartos para Alugar, 110 m² por R$ 2.980/Mês","Aluga-se apartamento bem localizado, na Rua Francisco Sá, Posto 6, Copacabana.Imóvel com 110 m², sol da manhã, de fundos, andar alto, amplo, arejado, iluminado, com 3 quartos, sendo 01 suite, armários embutidos em dois quartos, dependências completas de empregada e 01 vaga de garagem.Prédio com sistema de monitoramento com câmeras e porteiro 24 horas.Próximo às praias de Copacabana e Ipanema, a 5 minutos a pé da estação do metrô General Osório.Rua com fácil acesso ao transporte público, próximo ao comércio com padaria, supermercado, farmácia.Pronto para morar!Não é permitido animais",https://www.vivareal.com.br/imovel/apartamento-3-quartos-copacabana-zona-sul-rio-de-janeiro-com-garagem-110m2-aluguel-RS2980-id-2496159705/?__vt=lnv:a,"['https://resizedimgs.vivareal.com/fit-in/870x653/vr.images.sp/60f82284e1f57bea14583e6448cdb651.jpg', 'https://resizedimgs.vivareal.com/fit-in/870x653/vr.images.sp/cdb1d28b2eedfafa46d14ddca2637be8.jpg', 'https://resizedimgs.vivareal.com/fit-in/870x653/vr.images.sp/7ab6dc126049eb80b91d199fea82794e.jpg', 'https://resizedimgs.vivareal.com/fit-in/870x653/vr.images.sp/6dd00f4db4e442b299da3a92131bb91a.jpg', 'https://resizedimgs.vivareal.com/fit-in/870x653/vr.images.sp/ecb637cb26d05664df58ab0517342d7a.jpg', 'https://resizedimgs.vivareal.com/fit-in/870x653/vr.images.sp/b200957780b09c1b8c1e0bc5057f4553.jpg', 'https://resizedimgs.vivareal.com/fit-in/870x653/vr.images.sp/91c38ad736c8468613222861e693f168.jpg', 'https://resizedimgs.vivareal.com/fit-in/870x653/vr.images.sp/cf7b557e82318abbc099387830702c01.jpg', 'https://resizedimgs.vivareal.com/fit-in/870x653/vr.images.sp/59f1a1d48f83fbaa03fe913325b0f5a4.jpg', 'https://resizedimgs.vivareal.com/fit-in/870x653/vr.images.sp/f7110ea6f7a57bcf032adfda4e1fd808.jpg', 'https://resizedimgs.vivareal.com/fit-in/870x653/vr.images.sp/50658c566e4b7dd5f4c324b32b819c66.jpg', 'https://resizedimgs.vivareal.com/fit-in/870x653/vr.images.sp/4e3ad6fed13b1a90526d7963c83d1ee4.jpg', 'https://resizedimgs.vivareal.com/fit-in/870x653/vr.images.sp/69828c5db1395086396399195836bb8a.jpg', 'https://resizedimgs.vivareal.com/crop/142x80/vr.images.sp/481c6b40c09f47d04d680b8fd2c5c53b.jpg', 'https://resizedimgs.vivareal.com/crop/142x80/vr.images.sp/0462ef7218e1a0020871a12b834058d9.jpg', 'https://resizedimgs.vivareal.com/crop/142x80/vr.images.sp/73a55aa77809426dccb04b2ba7e4deb9.jpg', 'https://resizedimgs.vivareal.com/crop/142x80/vr.images.sp/583c8bf1d74e05474593e1b377a4aae1.jpg', 'https://resizedimgs.vivareal.com/crop/142x80/vr.images.sp/a321710ba49fbea815947833f0f5284a.jpg', 'https://resizedimgs.vivareal.com/crop/142x80/vr.images.sp/6d277e65019e9f51b5520a42b3447408.jpg', 'https://resizedimgs.vivareal.com/crop/142x80/vr.images.sp/fb4fe22f97afcfc7be79191cb09bced4.jpg']","https://maps.google.com/maps?ll=-22.983219,-43.191948&z=16&t=m&hl=en-US&gl=US&mapclient=embed&q=R.%20Francisco%20S%C3%A1%20-%20Copacabana%20Rio%20de%20Janeiro%20-%20RJ",4080.0,Linha 1 do Metrô do Rio de Janeiro,Estação General Osório,457.9710701707752
2496507491,vivareal,Aluguel,69,2,1,0.0,1600,415.0,-22.915593,-43.219165,"Rua Pardal Mallet - Tijuca, Rio de Janeiro - RJ","Apartamento com 2 Quartos para Alugar, 69 m² por R$ 1.600/Mês","Ótimo 2 quartos com dependência completa, situado no melhor ponto da Tijuca, ele é muito silencioso, fica situado na rua Pardal Mallet, perto do metrô da praça Afonso Pena, tendo um ótimo comércio em torno. Aceitamos fiador ou seguro fiança.",https://www.vivareal.com.br/imovel/apartamento-2-quartos-tijuca-zona-norte-rio-de-janeiro-69m2-aluguel-RS1600-id-2496507491/?__vt=lnv:a,"['https://resizedimgs.vivareal.com/fit-in/870x653/vr.images.sp/e1397d33bdec68c0fb4e120fe05af628.jpg', 'https://resizedimgs.vivareal.com/fit-in/870x653/vr.images.sp/a8a6ce4555f38eb8f4120d6d7652a1a8.jpg', 'https://resizedimgs.vivareal.com/fit-in/870x653/vr.images.sp/06e589876863408b57aad1823a7ccbff.jpg', 'https://resizedimgs.vivareal.com/fit-in/870x653/vr.images.sp/183a27e8ef91ef1287c81b4c2be73d52.jpg', 'https://resizedimgs.vivareal.com/fit-in/870x653/vr.images.sp/c8d706f614c998a67344e28b5aeb8f44.jpg', 'https://resizedimgs.vivareal.com/fit-in/870x653/vr.images.sp/94bb18e4993d843e7847a9057b833cc8.jpg', 'https://resizedimgs.vivareal.com/fit-in/870x653/vr.images.sp/92d1f0ad52a9402e3a333b36a99d9201.jpg', 'https://resizedimgs.vivareal.com/fit-in/870x653/vr.images.sp/cda2e6980c896f71d90efe9eb34083d8.jpg', 'https://resizedimgs.vivareal.com/fit-in/870x653/vr.images.sp/769f2ddebf9b4b3e50f76f7bc8687875.jpg', 'https://resizedimgs.vivareal.com/fit-in/870x653/vr.images.sp/075069cb0af83865887423174060df4b.jpg', 'https://resizedimgs.vivareal.com/fit-in/870x653/vr.images.sp/910e722c541d214f26d7c84ad2c20474.jpg', 'https://resizedimgs.vivareal.com/crop/142x80/vr.images.sp/2b887e0a2840baf811586bb8386be5e5.jpg', 'https://resizedimgs.vivareal.com/crop/142x80/vr.images.sp/545058da9684189338731ee828dd7b56.jpg']","https://maps.google.com/maps?ll=-22.915593,-43.219165&z=16&t=m&hl=en-US&gl=US&mapclient=embed&q=R.%20Pardal%20Mallet%20-%20Tijuca%20Rio%20de%20Janeiro%20-%20RJ%2020270-244",2015.0,Linha 1 do Metrô do Rio de Janeiro,Estação Afonso Pena,335.13913020565644
2496820319,vivareal,Aluguel,32,1,1,0.0,1500,500.0,-22.973756,-43.191359,"Rua Barata Ribeiro, 682 - Copacabana, Rio de Janeiro - RJ","Apartamento com 1 Quarto para Alugar, 32 m² por R$ 1.500/Mês","Apartamento quarto e sala na Barata Ribeiro, perto da Rua Barão de Ipanema. Prédio residencial, 04 apartamentos por andar. O apartamento fica no primeiro andar fundos. Tratar direto com proprietário. Aceito caução de 02 meses de aluguel. O aluguel já está incluido o IPTU.",https://www.vivareal.com.br/imovel/apartamento-1-quartos-copacabana-zona-sul-rio-de-janeiro-32m2-aluguel-RS1500-id-2496820319/?__vt=lnv:a,"['https://resizedimgs.vivareal.com/fit-in/870x653/vr.images.sp/fce382b3b5ae77aac8a3b246099ddb77.jpg', 'https://resizedimgs.vivareal.com/fit-in/870x653/vr.images.sp/f538f77fd8b3be0b3b9d1bc164c978cc.jpg', 'https://resizedimgs.vivareal.com/fit-in/870x653/vr.images.sp/1c2fbdd3352c61980e590e40dd9714ef.jpg', 'https://resizedimgs.vivareal.com/fit-in/870x653/vr.images.sp/99673b9afc03ef7d4a9c57712dc55ce2.jpg', 'https://resizedimgs.vivareal.com/fit-in/870x653/vr.images.sp/53d703d56d95bfea18849222948b3650.jpg', 'https://resizedimgs.vivareal.com/fit-in/870x653/vr.images.sp/399086eb27fffd5c618817f2d9392b22.jpg', 'https://resizedimgs.vivareal.com/fit-in/870x653/vr.images.sp/159be7673f683a0ef6318563711d141b.jpg', 'https://resizedimgs.vivareal.com/fit-in/870x653/vr.images.sp/ff2bf9511c3509e391f0877a029b20fe.jpg', 'https://resizedimgs.vivareal.com/fit-in/870x653/vr.images.sp/a25e1b01209f4f0d0650519316017c57.jpg', 'https://resizedimgs.vivareal.com/fit-in/870x653/vr.images.sp/ff2a7dcb982ea035f4418c730debb77b.jpg', 'https://resizedimgs.vivareal.com/fit-in/870x653/vr.images.sp/417b71d62687b9e613f48888902fdcf8.jpg', 'https://resizedimgs.vivareal.com/crop/142x80/vr.images.sp/2155c5b5fd36dbd66f56e8d49053aae9.jpg']","https://maps.google.com/maps?ll=-22.973756,-43.191359&z=16&t=m&hl=en-US&gl=US&mapclient=embed&q=22%C2%B058%2725.5%22S%2043%C2%B011%2728.9%22W%20-22.973756%2C%20-43.191359@-22.973756,-43.191359",2000.0,Linha 1 do Metrô do Rio de Janeiro,Estação Cantagalo,390.2913323626792
2496982710,vivareal,Aluguel,60,2,2,1.0,1300,370.0,-22.809821,-43.206175,"Rua Gaspar Magalhães, 175 - Jardim Guanabara, Rio de Janeiro - RJ","Apartamento com 2 Quartos para Alugar, 60 m² por R$ 1.300/Mês","Apartamento com 2 quartos, sala, cozinha, dependências de empregada, banheiro e área, sol da manhã. Possui 01 vaga de garagem. Rua estritamente residencial. Rua Gaspar de Magalhães nº 175. Próximo à Rua Cambaúba, junto ao Iate Clube Jardim Guanabara. Carlos tel. .",https://www.vivareal.com.br/imovel/apartamento-2-quartos-jardim-guanabara-ilha-do-governador-rio-de-janeiro-com-garagem-60m2-aluguel-RS1300-id-2496982710/?__vt=lnv:a,"['https://resizedimgs.vivareal.com/fit-in/870x653/vr.images.sp/3be75c8056f63b4d946798113520d6d2.jpg', 'https://resizedimgs.vivareal.com/fit-in/870x653/vr.images.sp/10ed0411e3387d96aed9226c677e1991.jpg', 'https://resizedimgs.vivareal.com/fit-in/870x653/vr.images.sp/f04f8d22d4f100afefeefe14fe7819c1.jpg', 'https://resizedimgs.vivareal.com/fit-in/870x653/vr.images.sp/cb84b96375373a5fb2069a4dba80d7c3.jpg', 'https://resizedimgs.vivareal.com/fit-in/870x653/vr.images.sp/fc1c2cdca66d0d18ff6c24a65306826f.jpg', 'https://resizedimgs.vivareal.com/fit-in/870x653/vr.images.sp/89a43d806433d1d940a4188d4e65aa88.jpg', 'https://resizedimgs.vivareal.com/fit-in/870x653/vr.images.sp/ad380ca08980b5fc442ea73a842e8378.jpg', 'https://resizedimgs.vivareal.com/fit-in/870x653/vr.images.sp/f07eb860a58d367a97d2cff9d8ed6700.jpg', 'https://resizedimgs.vivareal.com/fit-in/870x653/vr.images.sp/58540884fa122826fb5e23eb120e52da.jpg', 'https://resizedimgs.vivareal.com/fit-in/870x653/vr.images.sp/6ed84e6d9012d774963f504238b476fc.jpg', 'https://resizedimgs.vivareal.com/fit-in/870x653/vr.images.sp/6b33dfa44c151f4fad10d63414e31ddb.jpg', 'https://resizedimgs.vivareal.com/crop/142x80/vr.images.sp/356133f1d000dd8c3c97bb880156c89e.jpg']","https://maps.google.com/maps?ll=-22.809821,-43.206175&z=16&t=m&hl=en-US&gl=US&mapclient=embed&q=22%C2%B048%2735.4%22S%2043%C2%B012%2722.2%22W%20-22.809821%2C%20-43.206175@-22.809821,-43.20617499999999",1670.0,Linha Saracuruna da SuperVia,Estação Olaria,7428.120273184796
2496985099,vivareal,Aluguel,65,2,1,1.0,2000,617.0,-22.927929,-43.229147,"Rua General Roca, 199 - Tijuca, Rio de Janeiro - RJ","Apartamento com 2 Quartos para Alugar, 65 m² por R$ 2.000/Mês","Apartamento todo reformado! Entrar e morar! A 400 metros da praça Saens Pena e Metrô. Hall de entrada amplo. Sala e cozinha em conceito integrado. Cozinha com bancadas em mármore, armários, coifa e torneira gourmet. 2 quartos arejados e boa iluminação. Banheiro com bancada em mármore, pia dupla, metais cromados e nicho em mármore. Varanda ampla: 5 m2. Área de serviço com tanque, espaço para máquina de lavar e armário de despensa. Vaga marcada na garagem. Prédio familiar, com playground.",https://www.vivareal.com.br/imovel/apartamento-2-quartos-tijuca-zona-norte-rio-de-janeiro-com-garagem-65m2-aluguel-RS2000-id-2496985099/?__vt=lnv:a,"['https://resizedimgs.vivareal.com/fit-in/870x653/vr.images.sp/1b36d38e2e46b66b4cd9b21be5d2824c.jpg', 'https://resizedimgs.vivareal.com/fit-in/870x653/vr.images.sp/65853a139efbca3e428b546dfbd9cde6.jpg', 'https://resizedimgs.vivareal.com/fit-in/870x653/vr.images.sp/8536c854e8a2c4debea42fd1f6f15a23.jpg', 'https://resizedimgs.vivareal.com/fit-in/870x653/vr.images.sp/15d1bd5bfa85aeec53d4e495b3b6296d.jpg', 'https://resizedimgs.vivareal.com/fit-in/870x653/vr.images.sp/ab38382054374aa9803cb51850b79e54.jpg', 'https://resizedimgs.vivareal.com/fit-in/870x653/vr.images.sp/ab3bc35016361e6f325c785ed951c9d7.jpg', 'https://resizedimgs.vivareal.com/fit-in/870x653/vr.images.sp/db4440775b59252d1212bc7cacb4f987.jpg', 'https://resizedimgs.vivareal.com/fit-in/870x653/vr.images.sp/049e3deb6bbd1b5bcc25b3dbe7164a00.jpg', 'https://resizedimgs.vivareal.com/fit-in/870x653/vr.images.sp/c20b6036690bd505256887fbba6d538d.jpg', 'https://resizedimgs.vivareal.com/fit-in/870x653/vr.images.sp/ccfbc9333abb4403faf4b156526ca069.jpg', 'https://resizedimgs.vivareal.com/fit-in/870x653/vr.images.sp/61ce4aaaa62f3bd5f6e5c1ce44918866.jpg', 'https://resizedimgs.vivareal.com/crop/142x80/vr.images.sp/9037e3ea6edc9bb847544d7ae5564902.jpg']","https://maps.google.com/maps?ll=-22.927929,-43.229147&z=16&t=m&hl=en-US&gl=US&mapclient=embed&q=22%C2%B055%2740.5%22S%2043%C2%B013%2744.9%22W%20-22.927929%2C%20-43.229147@-22.927929,-43.229147",2617.0,Linha 1 do Metrô do Rio de Janeiro,Estação Saens Peña,531.4946748899639
2497567445,vivareal,Aluguel,62,2,1,2.0,1200,980.0,-23.017479,-43.46259,"Rua Historiador Werneck da Silva, 11 - Recreio Dos Bandeirantes, Rio de Janeiro - RJ","Apartamento com 2 Quartos para Alugar, 62 m² por R$ 1.200/Mês","NOVA BARRA, próximo ao Supermercado Prezunic e América Shopping e à 5 minutos da praia, apartamento 2 quartos sendo 1 suíte, sala ampla e varanda com vista livre, décimo andar, cozinha planejada e área de serviço Ótima área de lazer, com piscina, sauna vapor e seca, academia, parque infantil e quadras poliesportivas. Duas vagas e uma para visitante, segurança reforçada 24h.Contato: Corretor Sérgio Guterres (Exclusividade - CRECI/RJ nº 066994)Aluguel: R$1.200,00IPTU MENSAL: R$119,70Condomínio: R$980,00",https://www.vivareal.com.br/imovel/apartamento-2-quartos-recreio-dos-bandeirantes-zona-oeste-rio-de-janeiro-com-garagem-62m2-aluguel-RS1200-id-2497567445/?__vt=lnv:a,"['https://resizedimgs.vivareal.com/fit-in/870x653/vr.images.sp/8ad7b90d749491d6129146cfe5f47a3a.jpg', 'https://resizedimgs.vivareal.com/fit-in/870x653/vr.images.sp/cd0bcb684fe266905ad2a07cbbfb6010.jpg', 'https://resizedimgs.vivareal.com/fit-in/870x653/vr.images.sp/9f9693c165d7043af1d2232a1ab47c5e.jpg', 'https://resizedimgs.vivareal.com/fit-in/870x653/vr.images.sp/3222ef5da3ef4f458bceba1279430958.jpg', 'https://resizedimgs.vivareal.com/fit-in/870x653/vr.images.sp/dd3a1087d7fa6c731b5f72599343bba6.jpg', 'https://resizedimgs.vivareal.com/fit-in/870x653/vr.images.sp/a87890b99364f73eefb4ae43800c5fbf.jpg', 'https://resizedimgs.vivareal.com/fit-in/870x653/vr.images.sp/c375b21c5caa5927259701e8f4c99ea4.jpg', 'https://resizedimgs.vivareal.com/fit-in/870x653/vr.images.sp/524f26f8284042db0c2f6121c1fd42d7.jpg', 'https://resizedimgs.vivareal.com/fit-in/870x653/vr.images.sp/bc9e39e366c65be429d59220eb53cdc2.jpg', 'https://resizedimgs.vivareal.com/fit-in/870x653/vr.images.sp/6bee43c68e3cdf3de3f0df09284efdb0.jpg', 'https://resizedimgs.vivareal.com/fit-in/870x653/vr.images.sp/d565b583eca3375f9ab5ad63a27374b3.jpg', 'https://resizedimgs.vivareal.com/crop/142x80/vr.images.sp/895d671b5d36a06e9dd19ddfe5427669.jpg', 'https://resizedimgs.vivareal.com/crop/142x80/vr.images.sp/6c03869c3870143347126d29140db1fa.jpg', 'https://resizedimgs.vivareal.com/crop/142x80/vr.images.sp/3491042a4567ac6739dc1c5dedba7b03.jpg', 'https://resizedimgs.vivareal.com/crop/142x80/vr.images.sp/91e53258a4c3ae6c9eb46a153a06ef74.jpg', 'https://resizedimgs.vivareal.com/crop/142x80/vr.images.sp/6552bf612675de7a2de51819a77800a9.jpg', 'https://resizedimgs.vivareal.com/crop/142x80/vr.images.sp/82619c7057a90c6a9b830cb132a7cfa2.jpg', 'https://resizedimgs.vivareal.com/crop/142x80/vr.images.sp/1d499c79dc9d573d3aa43631ff7c4283.jpg', 'https://resizedimgs.vivareal.com/crop/142x80/vr.images.sp/a7b65adf6be3535bea139ae73fc10166.jpg']","https://maps.google.com/maps?ll=-23.017479,-43.46259&z=16&t=m&hl=en-US&gl=US&mapclient=embed&q=23%C2%B001%2702.9%22S%2043%C2%B027%2745.3%22W%20-23.017479%2C%20-43.462590@-23.017479,-43.46259",2180.0,Linha 4 do Metrô do Rio de Janeiro,Estação Jardim Oceânico,15633.8547063877
2497899228,vivareal,Aluguel,88,3,3,1.0,1800,817.0,-22.923098,-43.225727,"Rua Marquês de Valença, 56 - Tijuca, Rio de Janeiro - RJ","Apartamento com 3 Quartos para Alugar, 88 m² por R$ 1.800/Mês","Ótimo Apartamento Duplex , Sala , Cozinha, 03 Qtsº Sendo 01 Suite com 01 Armário e Cama casal, Dependência de empregada prox ao Metro São Francisco Xavier, Comercio Farto.Trabalhamos com Fiador ou Seguro Fiança",https://www.vivareal.com.br/imovel/apartamento-3-quartos-tijuca-zona-norte-rio-de-janeiro-com-garagem-88m2-aluguel-RS1800-id-2497899228/?__vt=lnv:a,"['https://resizedimgs.vivareal.com/fit-in/870x653/vr.images.sp/280b7c0d4b94ccc06f9995fa8abe98ca.jpg', 'https://resizedimgs.vivareal.com/fit-in/870x653/vr.images.sp/6b36ba31164c08bb6631980cccc9c5f6.jpg', 'https://resizedimgs.vivareal.com/fit-in/870x653/vr.images.sp/b30370238013869bcff5e1879925757e.jpg', 'https://resizedimgs.vivareal.com/fit-in/870x653/vr.images.sp/bf5e90af7b11dc6d73c14398b37bb1e6.jpg', 'https://resizedimgs.vivareal.com/fit-in/870x653/vr.images.sp/17859aa87bd77898c5e680f4b619535b.jpg', 'https://resizedimgs.vivareal.com/fit-in/870x653/vr.images.sp/2110c7b5b6ac00a8f9574b356194048c.jpg', 'https://resizedimgs.vivareal.com/fit-in/870x653/vr.images.sp/92ed9a47ef2c4913fe7d92f20d75e1c5.jpg', 'https://resizedimgs.vivareal.com/fit-in/870x653/vr.images.sp/079ee827ee85365a0d268fbc7808e562.jpg', 'https://resizedimgs.vivareal.com/fit-in/870x653/vr.images.sp/dcba06f27d0dac71b5a2fac9819bc227.jpg', 'https://resizedimgs.vivareal.com/fit-in/870x653/vr.images.sp/930d79de4ef1693ff31150d910395a9a.jpg']","https://maps.google.com/maps?ll=-22.923098,-43.225727&z=16&t=m&hl=en-US&gl=US&mapclient=embed&q=22%C2%B055%2723.2%22S%2043%C2%B013%2732.6%22W%20-22.923098%2C%20-43.225727@-22.923098,-43.225727",2617.0,Linha 1 do Metrô do Rio de Janeiro,Estação São Francisco Xavier (Metrô Rio),338.8158200196261
2498265366,vivareal,Aluguel,60,1,2,0.0,3300,750.0,-22.953493,-43.197079,"Largo dos Leões, 100 - Humaitá, Rio de Janeiro - RJ","Apartamento com 1 Quarto para Alugar, 60 m² por R$ 3.300/Mês","Lindo apartamento arejado e iluminado, indevassado, todo reformado. Armários embutidos no quarto, cozinha, área de serviço e no banheiro da suite. Split em todos os ambientes, piso de madeira e iluminação indireta. Janelas de frente acústicas com vista pro topo das árvores do largo, janelas de trás com vista para o Cristo. Na frente do ponto do metrô e ponto de taxi, diagonal à Cobal do Humaitá, e do outro lado da rua de um chaveiro e uma banca. 15 minutos à pé da Lagoa e 5 min à pè do baixo Botafogo. Interfone com portão eletrônico. Porteiro e vigia. Excelente oportunidade!",https://www.vivareal.com.br/imovel/apartamento-1-quartos-humaita-zona-sul-rio-de-janeiro-60m2-aluguel-RS3300-id-2498265366/?__vt=lnv:a,"['https://resizedimgs.vivareal.com/fit-in/870x653/vr.images.sp/921ba23937ced4ff0d6851a28b816809.jpg', 'https://resizedimgs.vivareal.com/fit-in/870x653/vr.images.sp/35c6c8fd66e942d3f7cfb4b323320172.jpg', 'https://resizedimgs.vivareal.com/fit-in/870x653/vr.images.sp/3818d20fabf93dcde6c022eea68ee835.jpg', 'https://resizedimgs.vivareal.com/fit-in/870x653/vr.images.sp/7e7b0d3135c2660a0b43296849824b4c.jpg', 'https://resizedimgs.vivareal.com/fit-in/870x653/vr.images.sp/8544f7db46e8b8d50ed97a261dd58ba4.jpg', 'https://resizedimgs.vivareal.com/fit-in/870x653/vr.images.sp/b81517c0e542d9f6466021f68a220d24.jpg', 'https://resizedimgs.vivareal.com/fit-in/870x653/vr.images.sp/f5e59e535cafc4db2ab0ea5401ae7294.jpg', 'https://resizedimgs.vivareal.com/fit-in/870x653/vr.images.sp/9d3844ea217f83226d4794629f9a872a.jpg', 'https://resizedimgs.vivareal.com/fit-in/870x653/vr.images.sp/9a5a66e64c7550863bdc2276424dd13e.jpg', 'https://resizedimgs.vivareal.com/fit-in/870x653/vr.images.sp/8332137018e84fec730d5a9ee6d8e8d5.jpg', 'https://resizedimgs.vivareal.com/fit-in/870x653/vr.images.sp/96c0abe0a2a01fa0c323d4b2c0376fb0.jpg', 'https://resizedimgs.vivareal.com/crop/142x80/vr.images.sp/36916b2a50d795638958e0eed883b8c3.jpg', 'https://resizedimgs.vivareal.com/fit-in/870x653/vr.images.sp/e8e78a9110c8a428cdf28e28e5afc35d.jpg', 'https://resizedimgs.vivareal.com/crop/142x80/vr.images.sp/7d6fcdf94b14ad5bfad468cf76f1334f.jpg', 'https://resizedimgs.vivareal.com/crop/142x80/vr.images.sp/64e18a3d89338e1eac0fbbf54af44ff7.jpg', 'https://resizedimgs.vivareal.com/crop/142x80/vr.images.sp/c1ed70821e2047b7fa57c259669d982a.jpg', 'https://resizedimgs.vivareal.com/crop/142x80/vr.images.sp/4b9ef221a379ed7a853cfeaaeb97fb8f.jpg', 'https://resizedimgs.vivareal.com/crop/142x80/vr.images.sp/8e22ad61803e3238d53c59dd0bcd52fd.jpg']","https://maps.google.com/maps?ll=-22.953493,-43.197079&z=16&t=m&hl=en-US&gl=US&mapclient=embed&q=22%C2%B057%2712.6%22S%2043%C2%B011%2749.5%22W%20-22.953493%2C%20-43.197079@-22.953493,-43.197079",4050.0,Linha 1 do Metrô do Rio de Janeiro,Estação Botafogo,1371.2677162223977
2498484881,vivareal,Aluguel,44,1,2,0.0,1700,500.0,-22.941314,-43.180657,"Rua Barão de Itambi, 55 - Botafogo, Rio de Janeiro - RJ","Apartamento com 1 Quarto para Alugar, 44 m² por R$ 1.700/Mês","Muito bem localizado, perto do metro, FGV, mercados e farmacias. Rua tranquila e segura, muito proximo a praia de botafogo e aterro do flamengo.",https://www.vivareal.com.br/imovel/apartamento-1-quartos-botafogo-zona-sul-rio-de-janeiro-44m2-aluguel-RS1700-id-2498484881/?__vt=lnv:a,"['https://resizedimgs.vivareal.com/fit-in/870x653/vr.images.sp/635752eed412421f5c71e557253780f0.jpg', 'https://resizedimgs.vivareal.com/fit-in/870x653/vr.images.sp/00683c76fbfdfbdae3bb6b05de106b68.jpg', 'https://resizedimgs.vivareal.com/fit-in/870x653/vr.images.sp/cf1c7ea3e0ece66e579a83e14a2a37d6.jpg', 'https://resizedimgs.vivareal.com/fit-in/870x653/vr.images.sp/98c0a71885c58d9d7078fb2e7c2e3535.jpg', 'https://resizedimgs.vivareal.com/fit-in/870x653/vr.images.sp/8c33a359417064c3a5b8c488824c802c.jpg', 'https://resizedimgs.vivareal.com/fit-in/870x653/vr.images.sp/41892e555232475e642adc41fdfce8f7.jpg', 'https://resizedimgs.vivareal.com/fit-in/870x653/vr.images.sp/d3563f41263e0fb4b8c8c39c2c97d08f.jpg', 'https://resizedimgs.vivareal.com/fit-in/870x653/vr.images.sp/bf8a7e0e9faed9855f843caa867cc145.jpg', 'https://resizedimgs.vivareal.com/fit-in/870x653/vr.images.sp/2510918ab57a6a2cda69782492876cc1.jpg', 'https://resizedimgs.vivareal.com/fit-in/870x653/vr.images.sp/7db8642fa344d642c2a9a4336758c9d7.jpg', 'https://resizedimgs.vivareal.com/fit-in/870x653/vr.images.sp/aa0585c7e8aef89c0336f7b634259000.jpg', 'https://resizedimgs.vivareal.com/crop/142x80/vr.images.sp/6ca6b9d4db2e092472c56953bc37badc.jpg', 'https://resizedimgs.vivareal.com/crop/142x80/vr.images.sp/e3edaa88eef2cb3c2273b2aa15024606.jpg', 'https://resizedimgs.vivareal.com/crop/142x80/vr.images.sp/71d01729bec6d26fa7064e25a5e9394c.jpg', 'https://resizedimgs.vivareal.com/crop/142x80/vr.images.sp/9d79ac75cdfb1411ca73f61987e6f48b.jpg', 'https://resizedimgs.vivareal.com/crop/142x80/vr.images.sp/9433f0e22ee208f07c157409dc7b8198.jpg']","https://maps.google.com/maps?ll=-22.941314,-43.180657&z=16&t=m&hl=en-US&gl=US&mapclient=embed&q=22%C2%B056%2728.7%22S%2043%C2%B010%2750.4%22W%20-22.941314%2C%20-43.180657@-22.941314,-43.180657",2200.0,Linha 1 do Metrô do Rio de Janeiro,Estação Flamengo,512.0298881669073
2498910232,vivareal,Aluguel,83,2,3,1.0,3200,891.0,-22.96202,-43.173817,"Rua Roberto Dias Lópes, 100 - Leme, Rio de Janeiro - RJ","Apartamento com 2 Quartos para Alugar, 83 m² por R$ 3.200/Mês","Varanda. Vista livre. Apto com 83 m2 com 2 quartos sendo 1 suite ,1 bh social, quartos com armários, dependências completas. Cozinha planejada. Área de serviço ampla. 1 Garagem + uma de visitante.Possui salão de festas, play. Piso frio.Chaves: Rose Marie corretora Creci 22.638",https://www.vivareal.com.br/imovel/apartamento-2-quartos-leme-zona-sul-rio-de-janeiro-com-garagem-83m2-aluguel-RS3200-id-2498910232/?__vt=lnv:a,"['https://resizedimgs.vivareal.com/fit-in/870x653/vr.images.sp/e5fc57afd9ee6cc31dc98d2667650cb4.jpg', 'https://resizedimgs.vivareal.com/fit-in/870x653/vr.images.sp/4556fb9208bc4c4673939954ed774583.jpg', 'https://resizedimgs.vivareal.com/fit-in/870x653/vr.images.sp/99390d45497fda74e80822ba9fc62669.jpg', 'https://resizedimgs.vivareal.com/fit-in/870x653/vr.images.sp/a8dc62bf424af0e58a82c17620c308aa.jpg', 'https://resizedimgs.vivareal.com/fit-in/870x653/vr.images.sp/98fa264101f842de339804dfcd6773d9.jpg', 'https://resizedimgs.vivareal.com/fit-in/870x653/vr.images.sp/2215713c3dbadc246d16f0933d48b190.jpg', 'https://resizedimgs.vivareal.com/fit-in/870x653/vr.images.sp/3b3e8eb739ff1515130b4af797a6c393.jpg', 'https://resizedimgs.vivareal.com/fit-in/870x653/vr.images.sp/43afabd84c4f7c30e7082f35653080a5.jpg', 'https://resizedimgs.vivareal.com/fit-in/870x653/vr.images.sp/ea580de13e0fd0c7340c4ce22200fcf3.jpg', 'https://resizedimgs.vivareal.com/fit-in/870x653/vr.images.sp/a4c8170afe1d412b222d3f505689895e.jpg', 'https://resizedimgs.vivareal.com/fit-in/870x653/vr.images.sp/210f8e3096a16c73e3954ea70e35cc6a.jpg', 'https://resizedimgs.vivareal.com/crop/142x80/vr.images.sp/e8647a91dbe402d71bb05059916ef52a.jpg', 'https://resizedimgs.vivareal.com/crop/142x80/vr.images.sp/6944d828034df79228b8708e3262921b.jpg', 'https://resizedimgs.vivareal.com/crop/142x80/vr.images.sp/d4f0e785beec07aafeab50bd005017f4.jpg', 'https://resizedimgs.vivareal.com/crop/142x80/vr.images.sp/dfb9f994e4a71d9bc0cb932cfa713e79.jpg', 'https://resizedimgs.vivareal.com/crop/142x80/vr.images.sp/0e0af4de669f331fce30f4e037096d1f.jpg', 'https://resizedimgs.vivareal.com/crop/142x80/vr.images.sp/22b890902a51dd5262ad739d3b5611ba.jpg', 'https://resizedimgs.vivareal.com/crop/142x80/vr.images.sp/3c0a0ef11cd0815a3c8e869e431ede50.jpg', 'https://resizedimgs.vivareal.com/crop/142x80/vr.images.sp/c212d7e024c5013b3497d882b24aa1ed.jpg', 'https://resizedimgs.vivareal.com/crop/142x80/vr.images.sp/d41d13d072e759fd01a9df0163a65f31.jpg']","https://maps.google.com/maps?ll=-22.96202,-43.173817&z=16&t=m&hl=en-US&gl=US&mapclient=embed&q=22%C2%B057%2743.3%22S%2043%C2%B010%2725.7%22W%20-22.962020%2C%20-43.173817@-22.96202,-43.173817",4091.0,Linha 1 do Metrô do Rio de Janeiro,Estação Cardeal Arcoverde,753.0852061170098
2499378367,vivareal,Aluguel,120,3,2,1.0,4700,1030.0,-22.933082,-43.175966,"Rua Barão do Flamengo - Flamengo, Rio de Janeiro - RJ","Apartamento com 3 Quartos para Alugar, 120 m² por R$ 4.700/Mês","Apartamento com localização privilegiada, próximo à estação de metrô, comércio, escolas, cinemas e a alguns passos do Parque do Flamengo. Composto por uma ampla sala com dois ambientes, três quartos com armários, sendo uma suíte, banheiro social, cozinha planejada com armários novos da Madeirol, área de serviço e dependência completa que pode ser utilizada como escritório. Vaga de garagem demarcada e portaria vinte e quatro horas. Acrescente ainda uma vista de cartão postal para o Aterro do Flamengo, Pão de Açúcar e Cristo Redentor.",https://www.vivareal.com.br/imovel/apartamento-3-quartos-flamengo-zona-sul-rio-de-janeiro-com-garagem-120m2-aluguel-RS4700-id-2499378367/?__vt=lnv:a,"['https://resizedimgs.vivareal.com/fit-in/870x653/vr.images.sp/77cdd68b93aac520c6e8a7c00efbcf83.jpg', 'https://resizedimgs.vivareal.com/fit-in/870x653/vr.images.sp/bb9044b0dd3451447c79f71bb6843271.jpg', 'https://resizedimgs.vivareal.com/fit-in/870x653/vr.images.sp/5a467802d06316f73ecd183076ddd420.jpg', 'https://resizedimgs.vivareal.com/fit-in/870x653/vr.images.sp/471a8160560764b6ee1ec4ed89339e31.jpg', 'https://resizedimgs.vivareal.com/fit-in/870x653/vr.images.sp/aca4e3fd1ec99de55acf14dabd32e30f.jpg', 'https://resizedimgs.vivareal.com/fit-in/870x653/vr.images.sp/5d6c50920ff099c0aafbf658b99ddf9b.jpg', 'https://resizedimgs.vivareal.com/fit-in/870x653/vr.images.sp/67ea1685763ae76c0cdb3d266ed39433.jpg', 'https://resizedimgs.vivareal.com/fit-in/870x653/vr.images.sp/c77f1fece27bbcbd5d8683998baa80f5.jpg', 'https://resizedimgs.vivareal.com/fit-in/870x653/vr.images.sp/ac5b0c3053e309fc7d3cb0815afbc603.jpg', 'https://resizedimgs.vivareal.com/fit-in/870x653/vr.images.sp/71891e889667dddf7d78535ed311757b.jpg', 'https://resizedimgs.vivareal.com/fit-in/870x653/vr.images.sp/bd70ac619a8ee87439e53703f614db4c.jpg', 'https://resizedimgs.vivareal.com/crop/142x80/vr.images.sp/42fd9c8c8bd4c500a060acea3c7f1a4a.jpg', 'https://resizedimgs.vivareal.com/crop/142x80/vr.images.sp/3ab9b48e396cde8b15eb1cb59d9b42d0.jpg', 'https://resizedimgs.vivareal.com/crop/142x80/vr.images.sp/4fe67fa3e44e00860533209d540b80b9.jpg', 'https://resizedimgs.vivareal.com/crop/142x80/vr.images.sp/6e754ec1874c6e50188b955893e212c8.jpg', 'https://resizedimgs.vivareal.com/crop/142x80/vr.images.sp/510ab0748334875bf0c96a3e414601dd.jpg', 'https://resizedimgs.vivareal.com/crop/142x80/vr.images.sp/4c47ed73fd1586b52bef9819a49660e8.jpg']","https://maps.google.com/maps?ll=-22.933082,-43.175966&z=16&t=m&hl=en-US&gl=US&mapclient=embed&q=R.%20Bar%C3%A3o%20do%20Flamengo%20-%20Flamengo%20Rio%20de%20Janeiro%20-%20RJ",5730.0,Linha 1 do Metrô do Rio de Janeiro,Estação Largo do Machado,347.8211538637949
2499750678,vivareal,Aluguel,115,3,3,1.0,6300,770.0,-22.983918,-43.224269,"Rua General Urquiza - Leblon, Rio de Janeiro - RJ","Apartamento com 3 Quartos para Alugar, 115 m² por R$ 6.300/Mês","Sala, 3 amplos quartos,( 1 suite),sendo 2 com armários embutidos,1 banheiro corredor, cozinha, área de serviço, quarto e banheiro de empregada.Local tranquilo ( rua sem saída), próximo de supermercados e farmácia, a 5 quadras da praia. Prédio antigo, charmoso, sem elevador ( 2 lances pequenos de escadas). Apenas 6 apartamentos. Recentemente reformado ( elétrica e hidráulica). Todo de frente, claro, arejado, em rua arborizada. Sol da manhã. 1 vaga de garagem livre.",https://www.vivareal.com.br/imovel/apartamento-3-quartos-leblon-zona-sul-rio-de-janeiro-com-garagem-115m2-aluguel-RS6300-id-2499750678/?__vt=lnv:a,"['https://resizedimgs.vivareal.com/fit-in/870x653/vr.images.sp/b3b6219dceba33f6224be289914e1f75.jpg', 'https://resizedimgs.vivareal.com/fit-in/870x653/vr.images.sp/6e985570a95e3e9e4b34d21d420c488c.jpg', 'https://resizedimgs.vivareal.com/fit-in/870x653/vr.images.sp/c81e5812d992bcd1aedbfeaaf5a0298e.jpg', 'https://resizedimgs.vivareal.com/fit-in/870x653/vr.images.sp/375074da60251b5b5f731f4386aa1ac6.jpg', 'https://resizedimgs.vivareal.com/fit-in/870x653/vr.images.sp/fc174218f4bd052d621ed46a76e0ef7f.jpg', 'https://resizedimgs.vivareal.com/fit-in/870x653/vr.images.sp/2d9c24bc3533eefcf02ca3b5354a1edb.jpg', 'https://resizedimgs.vivareal.com/fit-in/870x653/vr.images.sp/360dd679ed01238e26811c6247a27e9a.jpg', 'https://resizedimgs.vivareal.com/fit-in/870x653/vr.images.sp/f36477438dc64c35b65f277833cc1ffd.jpg', 'https://resizedimgs.vivareal.com/fit-in/870x653/vr.images.sp/10303f0acd6ba138dc29a1b3b771b538.jpg', 'https://resizedimgs.vivareal.com/fit-in/870x653/vr.images.sp/c9828647f8a0ab9c92fe5c4b30eab744.jpg', 'https://resizedimgs.vivareal.com/fit-in/870x653/vr.images.sp/b2e3d529ea949885bdcc7d130b739028.jpg', 'https://resizedimgs.vivareal.com/crop/142x80/vr.images.sp/646378f41e5cbbe277d788f838ea5d97.jpg', 'https://resizedimgs.vivareal.com/crop/142x80/vr.images.sp/aff4e90df559bac59c91cc044b5232ea.jpg', 'https://resizedimgs.vivareal.com/crop/142x80/vr.images.sp/43964b7f96d63dfb48315ba7a0ada541.jpg', 'https://resizedimgs.vivareal.com/crop/142x80/vr.images.sp/36d234ec1f075b96fc0b385c6354c8ce.jpg', 'https://resizedimgs.vivareal.com/crop/142x80/vr.images.sp/d02266fff4388ac39e1bae9b9f544a13.jpg', 'https://resizedimgs.vivareal.com/crop/142x80/vr.images.sp/76944ad4f84c474b324bac3c9f381d26.jpg', 'https://resizedimgs.vivareal.com/crop/142x80/vr.images.sp/0f957779e8140a8025c1a7b3b003af93.jpg', 'https://resizedimgs.vivareal.com/crop/142x80/vr.images.sp/41df4fe49469755bca272275c2c139ca.jpg', 'https://resizedimgs.vivareal.com/crop/142x80/vr.images.sp/3795a42e8f033dc41e6a82c5a3a4b40c.jpg', 'https://resizedimgs.vivareal.com/crop/142x80/vr.images.sp/02b39df6be553bfc8865e00b928cfbe5.jpg', 'https://resizedimgs.vivareal.com/crop/142x80/vr.images.sp/af338d110fb2559c8a9b19d0294b9a19.jpg']","https://maps.google.com/maps?ll=-22.983918,-43.224269&z=16&t=m&hl=en-US&gl=US&mapclient=embed&q=R.%20Gen.%20Urquiza%20-%20Leblon%20Rio%20de%20Janeiro%20-%20RJ%2022431-040",7070.0,Linha 4 do Metrô do Rio de Janeiro,Estação Antero de Quental,153.52074099768902
2499765374,vivareal,Aluguel,40,1,2,0.0,1700,748.0,-22.938787,-43.178244,"Rua Marquês de Abrantes, 168 - Flamengo, Rio de Janeiro - RJ","Apartamento com 1 Quarto para Alugar, 40 m² por R$ 1.700/Mês","Aluga-se apartamento em excelente estado, na Marquês de Abrantes, 168 - 1212. Um quarto (suíte), sala, dependências, todo em cerâmica, pia em granito, andar alto, portaria 24h, câmeras de segurança, ponto de ônibus em frente, estação de metro, mercados, shoppings e padarias perto. Não aceitamos depósito, apenas fiador.",https://www.vivareal.com.br/imovel/apartamento-1-quartos-flamengo-zona-sul-rio-de-janeiro-40m2-aluguel-RS1700-id-2499765374/?__vt=lnv:a,"['https://resizedimgs.vivareal.com/fit-in/870x653/vr.images.sp/6d687e8fcdcc6f2c3af1ab8b2699036a.jpg', 'https://resizedimgs.vivareal.com/fit-in/870x653/vr.images.sp/ea642409c0e84730124b7d9fcae8f761.jpg', 'https://resizedimgs.vivareal.com/fit-in/870x653/vr.images.sp/fe76ff6795ba4bae410d9bec1010d4c9.jpg', 'https://resizedimgs.vivareal.com/fit-in/870x653/vr.images.sp/ee2909a4536f53b67fd6196108aaf410.jpg', 'https://resizedimgs.vivareal.com/fit-in/870x653/vr.images.sp/9ba8c65425951638b1f8aeabbc4b8549.jpg', 'https://resizedimgs.vivareal.com/fit-in/870x653/vr.images.sp/3ba53dc4916b35280d3ce3c1ab3d4440.jpg', 'https://resizedimgs.vivareal.com/fit-in/870x653/vr.images.sp/5a4fc09aea29449f8e6b6f95c28789cb.jpg', 'https://resizedimgs.vivareal.com/fit-in/870x653/vr.images.sp/7e06f9a376de11917c874a88c0a1313a.jpg', 'https://resizedimgs.vivareal.com/fit-in/870x653/vr.images.sp/aeeb27b716aacd9e503d6975bd843e06.jpg', 'https://resizedimgs.vivareal.com/fit-in/870x653/vr.images.sp/e563532d981ce08afa35d950d1fd4fb4.jpg', 'https://resizedimgs.vivareal.com/fit-in/870x653/vr.images.sp/6fdde925e61dcc506322f8e4b979625b.jpg', 'https://resizedimgs.vivareal.com/crop/142x80/vr.images.sp/86fcf9f11dd765d3fd14e74b1e5ca339.jpg', 'https://resizedimgs.vivareal.com/fit-in/870x653/vr.images.sp/600f5ebc93c3f564d5b613ada84917ed.jpg']","https://maps.google.com/maps?ll=-22.938787,-43.178244&z=16&t=m&hl=en-US&gl=US&mapclient=embed&q=22%C2%B056%2719.6%22S%2043%C2%B010%2741.7%22W%20-22.938787%2C%20-43.178244@-22.938787,-43.178244",2448.0,Linha 1 do Metrô do Rio de Janeiro,Estação Flamengo,173.55326369378122
2500041197,vivareal,Aluguel,65,2,1,1.0,2500,1067.0,-23.005614,-43.329287,"Avenida Evandro Lins e Silva, 440 - Barra da Tijuca, Rio de Janeiro - RJ","Apartamento com 2 Quartos para Alugar, 65 m² por R$ 2.500/Mês","Lindo apartamento no Condomínio San Filippo, finamente mobiliado e composto de sala em 2 ambientes, varanda, 2 quartos sendo 1 suíte, banheiro social, e cozinha com área de serviço integrada. Prédio com infraestrutura de serviços e próximo à Ponte Lucio Costa e o acesso à praia.",https://www.vivareal.com.br/imovel/apartamento-2-quartos-barra-da-tijuca-zona-oeste-rio-de-janeiro-com-garagem-65m2-aluguel-RS2500-id-2500041197/?__vt=lnv:a,"['https://resizedimgs.vivareal.com/fit-in/870x653/vr.images.sp/e11df71c295cb0c6ed7ab4b5df07aaa9.jpg', 'https://resizedimgs.vivareal.com/fit-in/870x653/vr.images.sp/5e94a61fba8c8ccf7e7009f8f1fdc163.jpg', 'https://resizedimgs.vivareal.com/fit-in/870x653/vr.images.sp/6eaa429d8d79b93c644d86f3a9c6872e.jpg', 'https://resizedimgs.vivareal.com/fit-in/870x653/vr.images.sp/043b6c5e17511707d952ea7a2da66baa.jpg', 'https://resizedimgs.vivareal.com/fit-in/870x653/vr.images.sp/c83c10d3a3bb7aa7eed5ba002a2060ef.jpg', 'https://resizedimgs.vivareal.com/fit-in/870x653/vr.images.sp/bcfa3cab115055c460e9bbac4449ecba.jpg', 'https://resizedimgs.vivareal.com/fit-in/870x653/vr.images.sp/f958c874c80f422866a52531a29f5997.jpg', 'https://resizedimgs.vivareal.com/fit-in/870x653/vr.images.sp/84f2ffc0551e8513eebd83caf90bb123.jpg', 'https://resizedimgs.vivareal.com/fit-in/870x653/vr.images.sp/7ffa23bb886b52b1d1c3943866126609.jpg', 'https://resizedimgs.vivareal.com/fit-in/870x653/vr.images.sp/bcc04bd026a5a104da9e759dec18d9ee.jpg', 'https://resizedimgs.vivareal.com/fit-in/870x653/vr.images.sp/50182e21b25e5dbee06515aa306cc616.jpg', 'https://resizedimgs.vivareal.com/crop/142x80/vr.images.sp/60892c13eab0eff45388aebfc01f4c13.jpg', 'https://resizedimgs.vivareal.com/crop/142x80/vr.images.sp/7bfbd4cd8722729ae51da233fb2edbc9.jpg', 'https://resizedimgs.vivareal.com/crop/142x80/vr.images.sp/652436077116d7828f9ddfdc47d9fe1f.jpg']","https://maps.google.com/maps?ll=-23.005614,-43.329287&z=16&t=m&hl=en-US&gl=US&mapclient=embed&q=23%C2%B000%2720.2%22S%2043%C2%B019%2745.4%22W%20-23.005614%2C%20-43.329287@-23.005614,-43.329287",3567.0,Linha 4 do Metrô do Rio de Janeiro,Estação Jardim Oceânico,1922.1817735950087
2500332700,vivareal,Aluguel,104,2,2,1.0,1490,600.0,-22.916757,-43.210494,"Rua Haddock Lobo, 130 - Tijuca, Rio de Janeiro - RJ","Apartamento com 2 Quartos para Alugar, 104 m² por R$ 1.490/Mês","O apartamento está localizado no bairro da Tijuca com 104 metros quadrados com 2 quartos sendo 1 suite, 2 banheiros, dependência de empregada e garagem.Possui sacada. Agendamentos de visitas de 10:00 às 12:00 e de 13:00 às 15:00 ligar diretamente para o escritório da Locare.",https://www.vivareal.com.br/imovel/apartamento-2-quartos-tijuca-zona-norte-rio-de-janeiro-com-garagem-104m2-aluguel-RS1490-id-2500332700/?__vt=lnv:a,"['https://resizedimgs.vivareal.com/fit-in/870x653/vr.images.sp/dc8c11d0ef64cad01ed2b5b092771488.jpg', 'https://resizedimgs.vivareal.com/fit-in/870x653/vr.images.sp/3c920cebb9ac9ead365401e3c9649386.jpg', 'https://resizedimgs.vivareal.com/fit-in/870x653/vr.images.sp/6418dd0ecae5d6e818f4a11cb52afa36.jpg', 'https://resizedimgs.vivareal.com/fit-in/870x653/vr.images.sp/688e93ec225f0ac1ce06456fa3700b9d.jpg', 'https://resizedimgs.vivareal.com/fit-in/870x653/vr.images.sp/9efce29c54c8f4991eb9e39212b2adc0.jpg', 'https://resizedimgs.vivareal.com/fit-in/870x653/vr.images.sp/aea92eeef76d2aad34f84df2ee0fc5c1.jpg', 'https://resizedimgs.vivareal.com/fit-in/870x653/vr.images.sp/4ca2bf59b49c45b25f616eb5ecf5cd6f.jpg', 'https://resizedimgs.vivareal.com/fit-in/870x653/vr.images.sp/4e561e28187bb2105138234652104090.jpg', 'https://resizedimgs.vivareal.com/fit-in/870x653/vr.images.sp/f30002e90094e36f870d81f529e49645.jpg', 'https://resizedimgs.vivareal.com/fit-in/870x653/vr.images.sp/6437f3134e2092b8278f983a230d9b0f.jpg', 'https://resizedimgs.vivareal.com/fit-in/870x653/vr.images.sp/03eedfe52faa97513ac04b8e6b68052d.jpg', 'https://resizedimgs.vivareal.com/crop/142x80/vr.images.sp/f702828e93958ddddb730a61b0d2f71b.jpg', 'https://resizedimgs.vivareal.com/fit-in/870x653/vr.images.sp/719b79374e7bab1ee94899bff2352192.jpg', 'https://resizedimgs.vivareal.com/crop/142x80/vr.images.sp/a47e715623de73f616cfdc784a922eb6.jpg']","https://maps.google.com/maps?ll=-22.916757,-43.210494&z=16&t=m&hl=en-US&gl=US&mapclient=embed&q=22%C2%B055%2700.3%22S%2043%C2%B012%2737.8%22W%20-22.916757%2C%20-43.210494@-22.916757,-43.210494",2090.0,Linha 1 do Metrô do Rio de Janeiro,Estação Estácio,524.8942429774642
2500456879,vivareal,Aluguel,140,4,3,1.0,15000,2200.0,-22.986267,-43.222938,"Avenida Bartolomeu Mitre, 33 - Leblon, Rio de Janeiro - RJ","Apartamento com 4 Quartos para Alugar, 140 m² por R$ 15.000/Mês","Apartamento totalmente reformado na primeira quadra do Leblon em condomínio com amplo playground com brinquedos para crianças e piscina.Otima localização em prédio com segurança 24h.Originalmente o apartamento tem 4 quartos sendo que um deles está transformado em escritório. 3 banheiros, 1 na suíte, 1 para os outros quartos e 1 lavabo social.Próximo ao metrô da Antero de Quental.Todos os quartos com armários embutidos, suíte com closet.Ar condicionado split em todos os cômodos.",https://www.vivareal.com.br/imovel/apartamento-4-quartos-leblon-zona-sul-rio-de-janeiro-com-garagem-140m2-aluguel-RS15000-id-2500456879/?__vt=lnv:a,"['https://resizedimgs.vivareal.com/fit-in/870x653/vr.images.sp/9d6b76830b2b0d0658044547c475122d.jpg', 'https://resizedimgs.vivareal.com/fit-in/870x653/vr.images.sp/c86b79c4a44571bbf2d5268513630646.jpg', 'https://resizedimgs.vivareal.com/fit-in/870x653/vr.images.sp/2ad5893984303354a1d900e9a5a7cd47.jpg', 'https://resizedimgs.vivareal.com/fit-in/870x653/vr.images.sp/b5c856985c636161ce9b4450f852d871.jpg', 'https://resizedimgs.vivareal.com/fit-in/870x653/vr.images.sp/e3f35abe6f5738cf8b362387336d9ab1.jpg', 'https://resizedimgs.vivareal.com/fit-in/870x653/vr.images.sp/6e6735f7e0f4195e2a1345eeb63842b3.jpg', 'https://resizedimgs.vivareal.com/fit-in/870x653/vr.images.sp/3f552782ca297a32113a539dcf732499.jpg', 'https://resizedimgs.vivareal.com/fit-in/870x653/vr.images.sp/6c82a6da539d92bb8b1c9b1a08047ea0.jpg', 'https://resizedimgs.vivareal.com/fit-in/870x653/vr.images.sp/3cdbf05736f817325c7f00993b07a3ca.jpg', 'https://resizedimgs.vivareal.com/fit-in/870x653/vr.images.sp/3c1d46d3cab48005397d1946828b4d24.jpg', 'https://resizedimgs.vivareal.com/fit-in/870x653/vr.images.sp/d0352dc70fb33315ac087626ac162c2e.jpg', 'https://resizedimgs.vivareal.com/crop/142x80/vr.images.sp/29b97aa1c1069b1ebdeaf236a5e5f232.jpg', 'https://resizedimgs.vivareal.com/fit-in/870x653/vr.images.sp/85b8cc5e167bdd50ac12096e1edfd419.jpg', 'https://resizedimgs.vivareal.com/crop/142x80/vr.images.sp/743dc6f5cba41575f2002e43290d5969.jpg', 'https://resizedimgs.vivareal.com/crop/142x80/vr.images.sp/94932578f0bdf5fcaefc2190be695bef.jpg', 'https://resizedimgs.vivareal.com/crop/142x80/vr.images.sp/a3436c88f222e11ee24f8777c52028ea.jpg', 'https://resizedimgs.vivareal.com/crop/142x80/vr.images.sp/0d7b83eb36ee03cb112d3f27dcfde225.jpg', 'https://resizedimgs.vivareal.com/crop/142x80/vr.images.sp/1040bb4fb5227eb1119b99fa3fe90456.jpg', 'https://resizedimgs.vivareal.com/crop/142x80/vr.images.sp/8cd44f842751b8c191811a474a7035ae.jpg', 'https://resizedimgs.vivareal.com/crop/142x80/vr.images.sp/bba760b754154462a23baa34c2095b78.jpg', 'https://resizedimgs.vivareal.com/crop/142x80/vr.images.sp/3aa5ebc58b75405831715c6756d943dc.jpg']","https://maps.google.com/maps?ll=-22.986267,-43.222938&z=16&t=m&hl=en-US&gl=US&mapclient=embed&q=22%C2%B059%2710.6%22S%2043%C2%B013%2722.6%22W%20-22.986267%2C%20-43.222938@-22.986267,-43.222938",17200.0,Linha 4 do Metrô do Rio de Janeiro,Estação Antero de Quental,146.04066766297603
2500737352,vivareal,Aluguel,64,2,1,0.0,1800,686.0,-22.966054,-43.177857,"Rua Duvivier, 37 - Copacabana, Rio de Janeiro - RJ","Apartamento com 2 Quartos para Alugar, 64 m² por R$ 1.800/Mês","O apartamento no bairro Copacabana no quarteirão da praia, 64m2 com 2 quartos, armários na cozinha, banheiro e área de serviço com espaço para maquina de lavar. 1 quarteirão da estação Cardeal Arco verde e Elevador que garante o transporte das suas malas e compras. Esquina com Av. N. S. de Copacabana.",https://www.vivareal.com.br/imovel/apartamento-2-quartos-copacabana-zona-sul-rio-de-janeiro-64m2-aluguel-RS1800-id-2500737352/?__vt=lnv:a,"['https://resizedimgs.vivareal.com/fit-in/870x653/vr.images.sp/810c0593ee7f93f811ed91a9fc9a63b1.jpg', 'https://resizedimgs.vivareal.com/fit-in/870x653/vr.images.sp/e09d1d0b7186b207c3ca9ddda04b4bff.jpg', 'https://resizedimgs.vivareal.com/fit-in/870x653/vr.images.sp/ac30cfe14eb08acbf5bb12cf6f96bae1.jpg', 'https://resizedimgs.vivareal.com/fit-in/870x653/vr.images.sp/df193152880583c71cc722070e567eed.jpg', 'https://resizedimgs.vivareal.com/fit-in/870x653/vr.images.sp/a8af699fdc2fd5ad4f0a3e340e2a1a09.jpg', 'https://resizedimgs.vivareal.com/fit-in/870x653/vr.images.sp/fa5cfe47d58deb81de940fc49dec5947.jpg', 'https://resizedimgs.vivareal.com/fit-in/870x653/vr.images.sp/a76217f54a2660513444becc6952b74a.jpg', 'https://resizedimgs.vivareal.com/fit-in/870x653/vr.images.sp/5e8033117658d560da10a7f4d84c94a2.jpg', 'https://resizedimgs.vivareal.com/fit-in/870x653/vr.images.sp/995921d8bd623d2e3528b073849d1982.jpg', 'https://resizedimgs.vivareal.com/fit-in/870x653/vr.images.sp/3dffab67e3ed6005f663db3ab4ed47d1.jpg', 'https://resizedimgs.vivareal.com/fit-in/870x653/vr.images.sp/93ebb770f8d7ffe006b08276407da6ab.jpg', 'https://resizedimgs.vivareal.com/crop/142x80/vr.images.sp/93ecb16aef2a405b4d3aa6d18c740db7.jpg', 'https://resizedimgs.vivareal.com/crop/142x80/vr.images.sp/2c67ea4bce05e64e5c2c7a7a2f9abcb0.jpg']","https://maps.google.com/maps?ll=-22.966054,-43.177857&z=16&t=m&hl=en-US&gl=US&mapclient=embed&q=22%C2%B057%2757.8%22S%2043%C2%B010%2740.3%22W%20-22.966054%2C%20-43.177857@-22.966054,-43.177857",2486.0,Linha 1 do Metrô do Rio de Janeiro,Estação Cardeal Arcoverde,313.63327171514163
2500750351,vivareal,Aluguel,69,2,2,1.0,2100,610.0,-22.91998,-43.25705,"Rua Teodoro da Silva, 899 - Vila Isabel, Rio de Janeiro - RJ","Apartamento com 2 Quartos para Alugar, 69 m² por R$ 2.100/Mês","Condomínio Duetto. Infraestrutura total. Novíssimo. Ótima varanda. Sol manhã. Vista Livre. Silencio. Dois Quartos. 2 banheiros. 1 suite. Armários planejados nos banheiros, suite e cozinha. Piscina. Sauna . Fitness. Salão de festas. Espaço Gourmet. Solarium. Brinquedoteca. Churrasqueira. Vaga garagem. Segurança 24 horas. Bancos, Supermercados , padarias, Parque Boulevard, escolas, arejado, iluminado..... fácil acesso....",https://www.vivareal.com.br/imovel/apartamento-2-quartos-vila-isabel-zona-norte-rio-de-janeiro-com-garagem-69m2-aluguel-RS2100-id-2500750351/?__vt=lnv:a,"['https://resizedimgs.vivareal.com/fit-in/870x653/vr.images.sp/f8c5875c45d8d19f286113cb37683185.jpg', 'https://resizedimgs.vivareal.com/fit-in/870x653/vr.images.sp/98a8b3ebd139aa53d9cb076ddd6620b7.jpg', 'https://resizedimgs.vivareal.com/fit-in/870x653/vr.images.sp/cff4bab9d102a67a4e11364a1eb94e35.jpg', 'https://resizedimgs.vivareal.com/fit-in/870x653/vr.images.sp/55a292091453968f1141f86767755154.jpg', 'https://resizedimgs.vivareal.com/fit-in/870x653/vr.images.sp/c3a28819f140012aa67fc89c751039c4.jpg', 'https://resizedimgs.vivareal.com/fit-in/870x653/vr.images.sp/83c7c2ba8dbcd3d2999249958893affd.jpg', 'https://resizedimgs.vivareal.com/fit-in/870x653/vr.images.sp/08f416517833f99a7ec6a1ab66fd318e.jpg', 'https://resizedimgs.vivareal.com/fit-in/870x653/vr.images.sp/2d250dea8d77efb38efcc2ce5de525eb.jpg', 'https://resizedimgs.vivareal.com/fit-in/870x653/vr.images.sp/276fdeccbaa18860172502a4981398ec.jpg', 'https://resizedimgs.vivareal.com/fit-in/870x653/vr.images.sp/ce7416203de089c2d7270be6d92c81d7.jpg', 'https://resizedimgs.vivareal.com/fit-in/870x653/vr.images.sp/e11f7b50fba53b9f606438b88c377466.jpg', 'https://resizedimgs.vivareal.com/crop/142x80/vr.images.sp/f6c16b98e95010787a65c51e62b68334.jpg', 'https://resizedimgs.vivareal.com/crop/142x80/vr.images.sp/47fa55dc8a54ce3cf91f07ddd34cea5e.jpg', 'https://resizedimgs.vivareal.com/crop/142x80/vr.images.sp/a946e636fb3043f5270eaad383373bee.jpg', 'https://resizedimgs.vivareal.com/crop/142x80/vr.images.sp/81d33e3e844831854e2ccc958facea1e.jpg', 'https://resizedimgs.vivareal.com/crop/142x80/vr.images.sp/90b3ddc609baf02083abc29dd96c8bba.jpg', 'https://resizedimgs.vivareal.com/crop/142x80/vr.images.sp/0e01c5717e9d921de23328c47b0db8ac.jpg', 'https://resizedimgs.vivareal.com/crop/142x80/vr.images.sp/18b08381e6fe2a5d9201bb1bf6992d11.jpg', 'https://resizedimgs.vivareal.com/crop/142x80/vr.images.sp/71defdb27338070cf808ae2259c4b716.jpg', 'https://resizedimgs.vivareal.com/crop/142x80/vr.images.sp/9feff4609f1a17d33c97a13ddcbacaed.jpg']","https://maps.google.com/maps?ll=-22.91998,-43.25705&z=16&t=m&hl=en-US&gl=US&mapclient=embed&q=22%C2%B055%2711.9%22S%2043%C2%B015%2725.4%22W%20-22.919980%2C%20-43.257050@-22.91998,-43.25705",2710.0,Linha Deodoro da SuperVia,Estação Riachuelo,2047.8973750446103
2500812399,vivareal,Aluguel,30,1,1,0.0,1000,550.0,-22.929912,-43.179295,"Rua Bento Lisboa, 159 - Catete, Rio de Janeiro - RJ","Apartamento com 1 Quarto para Alugar, 30 m² por R$ 1.000/Mês","Alugo apartamento conjugado, com amplo salão, copa/cozinha com armário e banheiro com blindex. Ar condicionado tipo split. Recém reformado. Frontal. A um quarteirão da Estação Largo do Machado do metro. Fartura de comércio e transporte. Portaria 24 horas",https://www.vivareal.com.br/imovel/apartamento-1-quartos-catete-zona-sul-rio-de-janeiro-30m2-aluguel-RS1000-id-2500812399/?__vt=lnv:a,"['https://resizedimgs.vivareal.com/fit-in/870x653/vr.images.sp/3a94c7d1e5e806d679c3514c5d15e021.jpg', 'https://resizedimgs.vivareal.com/fit-in/870x653/vr.images.sp/465a7d0c4b5bd983cded9afbc98f9b4b.jpg', 'https://resizedimgs.vivareal.com/fit-in/870x653/vr.images.sp/db278027c82d784fa7e79cb6e8e96ab9.jpg', 'https://resizedimgs.vivareal.com/fit-in/870x653/vr.images.sp/b59233ebeadb6e614df836602260db57.jpg', 'https://resizedimgs.vivareal.com/fit-in/870x653/vr.images.sp/3b0c32625aebbc213a621e008a68679c.jpg', 'https://resizedimgs.vivareal.com/fit-in/870x653/vr.images.sp/88aaae6bcf22bb5057f14c593a348fb3.jpg', 'https://resizedimgs.vivareal.com/fit-in/870x653/vr.images.sp/a32bfbefcdd3e5ec082219afda54fa01.jpg']","https://maps.google.com/maps?ll=-22.929912,-43.179295&z=16&t=m&hl=en-US&gl=US&mapclient=embed&q=22%C2%B055%2747.7%22S%2043%C2%B010%2745.5%22W%20-22.929912%2C%20-43.179295@-22.929912,-43.179295",1550.0,Linha 1 do Metrô do Rio de Janeiro,Estação Largo do Machado,141.91558485902138
2500812885,vivareal,Aluguel,84,2,1,0.0,2300,660.0,-22.932541,-43.183495,"Rua das Laranjeiras, 136 - Laranjeiras, Rio de Janeiro - RJ","Apartamento com 2 Quartos para Alugar, 84 m² por R$ 2.300/Mês","Apartamento com salão e varanda. Dois quartos, armário embutido, cozinha com armários, 1 quarto de empregada, banheiro com espelho, área de serviço. Somente fiador com imóvel no município do RJ. Tratar no horário comercial pelos telefones (Luis Carlos) ou (Joaquim).",https://www.vivareal.com.br/imovel/apartamento-2-quartos-laranjeiras-zona-sul-rio-de-janeiro-84m2-aluguel-RS2300-id-2500812885/?__vt=lnv:a,"['https://resizedimgs.vivareal.com/fit-in/870x653/vr.images.sp/5b0b086df83a62978bfa375b486e18c3.jpg', 'https://resizedimgs.vivareal.com/fit-in/870x653/vr.images.sp/41366c12df8778982c1bb5b443d30986.jpg', 'https://resizedimgs.vivareal.com/fit-in/870x653/vr.images.sp/47292cc20c9c8d2e1c29ebb048f66937.jpg', 'https://resizedimgs.vivareal.com/fit-in/870x653/vr.images.sp/0e7310d64066dc16203294f80ff598fc.jpg', 'https://resizedimgs.vivareal.com/fit-in/870x653/vr.images.sp/d52b64df31560769a422b9bad7385268.jpg', 'https://resizedimgs.vivareal.com/fit-in/870x653/vr.images.sp/a0e7a3c4e746f96dc659924ad1f7f0dc.jpg', 'https://resizedimgs.vivareal.com/fit-in/870x653/vr.images.sp/e04c9157dee7023788261f3aa113a0d2.jpg', 'https://resizedimgs.vivareal.com/fit-in/870x653/vr.images.sp/029cb3430533541da216eed79942c268.jpg', 'https://resizedimgs.vivareal.com/fit-in/870x653/vr.images.sp/fbdca3c9160d4e4faded77633e35e9e8.jpg', 'https://resizedimgs.vivareal.com/fit-in/870x653/vr.images.sp/65b2053c5d5fd50910e3506355c95d81.jpg', 'https://resizedimgs.vivareal.com/fit-in/870x653/vr.images.sp/5bf50a95ad831a40b4bf7dd345603e42.jpg', 'https://resizedimgs.vivareal.com/crop/142x80/vr.images.sp/b877e1c69a81e22ed88730b8ba14349c.jpg', 'https://resizedimgs.vivareal.com/crop/142x80/vr.images.sp/545158b27e2dde184eb95878073e867a.jpg', 'https://resizedimgs.vivareal.com/crop/142x80/vr.images.sp/9ed256276d4b3534145646fc78c7448c.jpg', 'https://resizedimgs.vivareal.com/crop/142x80/vr.images.sp/1092961708a3afb256a54250bfef6b41.jpg']","https://maps.google.com/maps?ll=-22.932541,-43.183495&z=16&t=m&hl=en-US&gl=US&mapclient=embed&q=22%C2%B055%2757.2%22S%2043%C2%B011%2700.6%22W%20-22.932541%2C%20-43.183495@-22.932541,-43.183495",2960.0,Linha 1 do Metrô do Rio de Janeiro,Estação Largo do Machado,562.2580958213103
2500880205,vivareal,Aluguel,50,2,1,1.0,1300,500.0,-22.967736,-43.396808,"Avenida Salvador Allende, 971 - Barra da Tijuca, Rio de Janeiro - RJ","Apartamento com 2 Quartos para Alugar, 50 m² por R$ 1.300/Mês","Condomínio Minha Praia. Apartamento 2 quartos com armários planejados na cozinha, banheiro e 2 quartos.Condomínio com lazer completo: Piscina, brinquedoteca, academia, sala de jogos, área grande de lazer, 1 vaga de garagem, natação e funcional para crianças. Aula de hidroginástica e funcional para adultos. Segurança 24 horas monitorada por câmera. Área de lazer para pet, quadra poliesportiva, quadra de areia, churrasqueiras, espaço home office, salão gourmet, salão de festas. Estação BRT Minha Praia.Sem burocracia! Aceita depósito caução.",https://www.vivareal.com.br/imovel/apartamento-2-quartos-barra-da-tijuca-zona-oeste-rio-de-janeiro-com-garagem-50m2-aluguel-RS1300-id-2500880205/?__vt=lnv:a,"['https://resizedimgs.vivareal.com/fit-in/870x653/vr.images.sp/da3c7ab46f8044e16c4cce25a12c6648.jpg', 'https://resizedimgs.vivareal.com/fit-in/870x653/vr.images.sp/f1ebec7d507126b4dc00ce1ed66194e5.jpg', 'https://resizedimgs.vivareal.com/fit-in/870x653/vr.images.sp/dd94924cfe4e30386264c76301770490.jpg', 'https://resizedimgs.vivareal.com/fit-in/870x653/vr.images.sp/8c7aaec4810a6572be4750baf9c07fab.jpg', 'https://resizedimgs.vivareal.com/fit-in/870x653/vr.images.sp/ba36568afeb2238776c72d11f967fb66.jpg', 'https://resizedimgs.vivareal.com/fit-in/870x653/vr.images.sp/fc9084bf1b3017539b676bd28c7cd6d3.jpg', 'https://resizedimgs.vivareal.com/fit-in/870x653/vr.images.sp/fcfbf9f691326142ae253a87032b779d.jpg', 'https://resizedimgs.vivareal.com/fit-in/870x653/vr.images.sp/5490e18b651126157dba4a3392daa6c7.jpg', 'https://resizedimgs.vivareal.com/fit-in/870x653/vr.images.sp/d8e9adeae3967a330247c5c4e1b218f1.jpg', 'https://resizedimgs.vivareal.com/fit-in/870x653/vr.images.sp/e97f540623e3d593bc3c40b9cb96dde2.jpg', 'https://resizedimgs.vivareal.com/fit-in/870x653/vr.images.sp/93cfc13627d7fec65e1e639758d402ba.jpg', 'https://resizedimgs.vivareal.com/crop/142x80/vr.images.sp/effe0ca072083a603b236e91b1b8d7b6.jpg', 'https://resizedimgs.vivareal.com/crop/142x80/vr.images.sp/04032112d02424c673488dde1ea951dc.jpg', 'https://resizedimgs.vivareal.com/crop/142x80/vr.images.sp/3274f1269aa8a4c04b157297c210b533.jpg', 'https://resizedimgs.vivareal.com/crop/142x80/vr.images.sp/8f60c1010f21c4b1a68300f558f003cb.jpg', 'https://resizedimgs.vivareal.com/crop/142x80/vr.images.sp/0a8205bf0d0743d8c87951756d2ed3e6.jpg']","https://maps.google.com/maps?ll=-22.967736,-43.396808&z=16&t=m&hl=en-US&gl=US&mapclient=embed&q=22%C2%B058%2703.9%22S%2043%C2%B023%2748.5%22W%20-22.967736%2C%20-43.396808@-22.967736,-43.396808",1800.0,Linha 4 do Metrô do Rio de Janeiro,Estação Jardim Oceânico,9825.116663612125
